entry,class,name,Quality,itemLevel,subclass,stats_list
40481,4,"ICECROWN TEST GOD BP",4,252,4,"4,7,32,36"
46964,4,"Crystal Plated Vanguard",4,258,6,"4,7,12,13"
46965,4,"Breastplate of Cruel Intent",4,258,3,"3,5,7,32,36,38"
46966,4,"Band of the Violent Temperment",4,258,0,"4,7,32,36"
46967,4,"Boneshatter Armplates",4,258,4,"4,7,32,37"
46968,4,"Chestplate of the Towering Monstrosity",4,258,4,"4,7,12,13,37"
46969,2,"Steel Bladebreaker",4,258,15,"3,7,32,38,44"
46971,4,"Drape of the Untamed Predator",4,258,1,"3,7,32,36,38"
46973,4,"Cord of the Tenebrous Mist",4,258,1,"5,6,7,36,45"
46975,4,"Leggings of the Broken Beast",4,258,2,"3,7,31,36,38"
46977,4,"Shawl of the Refreshing Winds",4,258,1,"5,6,7,36,45"
46980,2,"Blade of Tarasque",4,258,15,"5,7,31,36,45"
46986,4,"Boots of the Courageous",4,258,4,"5,7,32,36,45"
46989,4,"Boots of the Unrelenting Storm",4,258,2,"5,6,7,32,45"
46991,4,"Belt of the Ice Burrower",4,258,3,"5,7,32,43,45"
46993,4,"Flowing Vestments of Ascent",4,258,1,"5,6,7,36,45"
46995,2,Talonstrike,4,258,18,"3,7,36,38,44"
47001,2,"Lionhead Slasher",4,258,0,"3,7,32,38,44"
47002,4,"Bloodbath Belt",4,258,4,"4,7,32,37"
47003,4,"Dawnbreaker Greaves",4,258,4,"4,7,12,13,14"
47004,4,"Cuirass of Calamitous Fate",4,258,2,"3,7,32,36,38"
47059,4,"Solace of the Defeated",4,258,0,45
47060,4,"Charge of the Demon Lord",4,258,0,"3,7,32,36,38"
47061,4,"Legguards of Feverish Dedication",4,258,4,"4,7,12,14,37"
47062,4,"Leggings of the Soothing Touch",4,258,1,"5,6,7,36,45"
47063,4,"Pride of the Eredar",4,258,1,"4,7,12,13,37"
47064,4,"Symbol of Transgression",4,258,0,"5,7,31,32,45"
47066,4,"Bracers of the Autumn Willow",4,258,2,"5,6,7,36,45"
47067,4,"Legplates of Failing Light",4,258,4,"5,7,32,36,45"
47068,4,"Bracers of Cloudy Omen",4,258,3,"5,7,32,43,45"
47074,4,"Bracers of the Untold Massacre",4,258,3,"3,5,7,32,38,44"
47075,4,"Ring of Callous Aggression",4,258,0,"3,7,32,36,38"
47076,4,"Girdle of Bloodied Scars",4,258,4,"4,7,12,13,14"
47077,4,"Treads of the Icewalker",4,258,2,"3,7,31,38,44"
47078,2,Justicebringer,4,258,1,"4,7,32,44"
47084,4,"Cord of Biting Cold",4,258,1,"5,7,31,32,45"
47085,4,"Bastion of Purity",4,258,6,"5,7,32,36,45"
47086,4,"Chestplate of the Frostborn Hero",4,258,4,"4,7,31,36"
47087,4,"Legguards of Concealed Hatred",4,258,3,"5,7,36,43,45"
47088,4,"Satrina's Impeding Scarab",4,258,0,7
47095,4,"Cloak of Displacement",4,258,1,"5,7,31,36,45"
47096,4,"Vestments of the Shattered Fellowship",4,258,2,"5,6,7,36,45"
47097,4,"Boots of the Mourning Widow",4,258,1,"5,6,7,36,45"
47098,4,"Vambraces of the Broken Bond",4,258,4,"5,7,32,43,45"
47099,4,"Boots of Tremoring Earth",4,258,3,"5,7,32,36,45"
47109,4,"Sabatons of Ruthless Judgment",4,258,3,"3,5,7,31,38,44"
47110,4,"The Executioner's Malice",4,258,0,"4,7,31,32"
47111,4,"Bracers of the Shieldmaiden",4,258,4,"4,7,12,14,37"
47112,4,"Belt of the Merciless Killer",4,258,2,"3,7,31,36,38"
47113,2,"Twin Spike",4,258,15,"3,7,31,36,38"
47129,4,"Skyweaver Robes",4,258,1,"5,7,31,36,45"
47130,2,"Lupine Longstaff",4,258,10,"3,7,36,38,44"
47131,4,"Death's Verdict",4,258,0,38
47132,4,"Legguards of Ascension",4,258,4,"4,7,32,36"
47133,4,"The Arbiter's Muse",4,258,0,"4,7,12,13"
47143,4,"Bindings of Dark Essence",4,258,1,"5,7,31,32,45"
47144,4,"Wail of the Val'kyr",4,258,0,"5,7,32,36,45"
47145,4,"Cord of Pale Thorns",4,258,2,"5,6,7,36,45"
47146,4,"Chalice of Searing Light",4,258,0,"5,6,7,32,45"
47147,4,"Breastplate of the Frozen Lake",4,258,4,"5,7,32,36,45"
47153,4,"Belt of Deathly Dominion",4,258,3,"3,5,7,31,38,44"
47154,4,"Greaves of the 7th Legion",4,258,4,"4,7,32,37"
47155,4,"Bracers of Dark Determination",4,258,2,"3,7,31,32,38"
47156,2,"Stormpike Cleaver",4,258,0,"3,7,31,36,38"
47157,4,"Signet of the Traitor King",4,258,0,"4,7,12,13,14"
47188,4,"Reign of the Unliving",4,258,0,45
47189,4,"Leggings of the Deepening Void",4,258,1,"5,7,31,32,45"
47190,4,"Legwraps of the Awakening",4,258,2,"5,7,32,36,45"
47191,4,"Legguards of the Lurking Threat",4,258,3,"3,5,7,32,38,44"
47192,4,"Strength of the Nerub",4,258,1,"4,7,31,32"
47205,4,"Footpads of the Icy Floe",4,258,1,"5,7,31,36,45"
47206,2,"Misery's End",4,258,4,"5,7,32,36,45"
47207,4,"Belt of the Forgotten Martyr",4,258,4,"5,7,32,43,45"
47208,4,"Armbands of the Ashen Saint",4,258,1,"5,6,7,36,45"
47209,4,"Chestguard of Flowing Elements",4,258,3,"5,7,32,43,45"
47224,4,"Ring of the Darkmender",4,258,0,"5,7,36,43,45"
47236,4,"Gloves of the Lifeless Touch",4,258,1,"5,7,32,36,45"
47237,4,"Band of Deplorable Violence",4,258,0,"5,6,7,32,45"
47238,4,"Maiden's Favor",4,258,1,"5,7,32,43,45"
47239,2,"Archon Glaive",4,258,6,"3,7,32,38,44"
47240,4,"Gloves of Bitter Reprisal",4,258,4,"4,7,32,44"
47412,4,"Cuirass of Cruel Intent",4,258,3,"3,5,7,32,36,38"
47413,4,"Ring of the Violent Temperament",4,258,0,"4,7,32,36"
47414,4,"Boneshatter Vambraces",4,258,4,"4,7,32,37"
47415,4,"Hauberk of the Towering Monstrosity",4,258,4,"4,7,12,13,37"
47416,2,"Stygian Bladebreaker",4,258,15,"3,7,32,38,44"
47417,4,"Drape of the Refreshing Winds",4,258,1,"5,6,7,36,45"
47418,4,"Cloak of the Untamed Predator",4,258,1,"3,7,32,36,38"
47419,4,"Belt of the Tenebrous Mist",4,258,1,"5,6,7,36,45"
47420,4,"Legwraps of the Broken Beast",4,258,2,"3,7,31,36,38"
47421,4,"Forlorn Barrier",4,258,6,"4,7,12,13"
47422,2,"Barb of Tarasque",4,258,15,"5,7,31,36,45"
47423,4,"Boots of the Harsh Winter",4,258,2,"5,6,7,32,45"
47424,4,"Sabatons of the Courageous",4,258,4,"5,7,32,36,45"
47425,4,"Flowing Robes of Ascent",4,258,1,"5,6,7,36,45"
47426,4,"Binding of the Ice Burrower",4,258,3,"5,7,32,43,45"
47427,2,"Blood Fury",4,258,0,"3,7,32,38,44"
47428,2,"Death's Head Crossbow",4,258,18,"3,7,36,38,44"
47429,4,"Bloodbath Girdle",4,258,4,"4,7,32,37"
47430,4,"Dawnbreaker Sabatons",4,258,4,"4,7,12,13,14"
47431,4,"Vest of Calamitous Fate",4,258,2,"3,7,32,36,38"
47432,4,"Solace of the Fallen",4,258,0,45
47433,4,"Charge of the Eredar",4,258,0,"3,7,32,36,38"
47434,4,"Legplates of Feverish Dedication",4,258,4,"4,7,12,14,37"
47435,4,"Pants of the Soothing Touch",4,258,1,"5,6,7,36,45"
47436,4,"Pride of the Demon Lord",4,258,1,"4,7,12,13,37"
47437,4,"Talisman of Heedless Sins",4,258,0,"5,7,31,32,45"
47438,4,"Bindings of the Autumn Willow",4,258,2,"5,6,7,36,45"
47439,4,"Circle of the Darkmender",4,258,0,"5,7,36,43,45"
47440,4,"Leggings of Failing Light",4,258,4,"5,7,32,36,45"
47441,4,"Wristwraps of Cloudy Omen",4,258,3,"5,7,32,43,45"
47442,4,"Bracers of the Silent Massacre",4,258,3,"3,5,7,32,38,44"
47443,4,"Band of Callous Aggression",4,258,0,"3,7,32,36,38"
47444,4,"Belt of Bloodied Scars",4,258,4,"4,7,12,13,14"
47445,4,"Icewalker Treads",4,258,2,"3,7,31,38,44"
47446,2,"Dual-blade Butcher",4,258,1,"4,7,32,44"
47447,4,"Belt of Biting Cold",4,258,1,"5,7,31,32,45"
47448,4,"Bastion of Resolve",4,258,6,"5,7,32,36,45"
47449,4,"Chestplate of the Frostwolf Hero",4,258,4,"4,7,31,36"
47450,4,"Leggings of Concealed Hatred",4,258,3,"5,7,36,43,45"
47451,4,"Juggernaut's Vitality",4,258,0,7
47452,4,"Shroud of Displacement",4,258,1,"5,7,31,36,45"
47453,4,"Robes of the Shattered Fellowship",4,258,2,"5,6,7,36,45"
47454,4,"Sandals of the Mourning Widow",4,258,1,"5,6,7,36,45"
47455,4,"Bracers of the Broken Bond",4,258,4,"5,7,32,43,45"
47456,4,"Sabatons of Tremoring Earth",4,258,3,"5,7,32,36,45"
47457,4,"Greaves of Ruthless Judgment",4,258,3,"3,5,7,31,38,44"
47458,4,"The Executioner's Vice",4,258,0,"4,7,31,32"
47459,4,"Armguards of the Shieldmaiden",4,258,4,"4,7,12,14,37"
47460,4,"Belt of the Pitiless Killer",4,258,2,"3,7,31,36,38"
47461,2,"Gouge of the Frigid Heart",4,258,15,"3,7,31,36,38"
47462,4,"Skyweaver Vestments",4,258,1,"5,7,31,36,45"
47463,2,"Twin's Pact",4,258,10,"3,7,36,38,44"
47464,4,"Death's Choice",4,258,0,38
47465,4,"Legplates of Ascension",4,258,4,"4,7,32,36"
47466,4,"Legionnaire's Gorget",4,258,0,"4,7,12,13"
47467,4,"Dark Essence Bindings",4,258,1,"5,7,31,32,45"
47468,4,"Cry of the Val'kyr",4,258,0,"5,7,32,36,45"
47469,4,"Belt of Pale Thorns",4,258,2,"5,6,7,36,45"
47470,4,"Mystifying Charm",4,258,0,"5,6,7,32,45"
47471,4,"Chestplate of the Frozen Lake",4,258,4,"5,7,32,36,45"
47472,4,"Waistguard of Deathly Dominion",4,258,3,"3,5,7,31,38,44"
47473,4,"Greaves of the Saronite Citadel",4,258,4,"4,7,32,37"
47474,4,"Armbands of Dark Determination",4,258,2,"3,7,31,32,38"
47475,2,"Hellscream Slicer",4,258,0,"3,7,31,36,38"
47476,4,"Band of the Traitor King",4,258,0,"4,7,12,13,14"
47477,4,"Reign of the Dead",4,258,0,45
47478,4,"Breeches of the Deepening Void",4,258,1,"5,7,31,32,45"
47479,4,"Leggings of the Awakening",4,258,2,"5,7,32,36,45"
47480,4,"Leggings of the Lurking Threat",4,258,3,"3,5,7,32,38,44"
47481,4,"Might of the Nerub",4,258,1,"4,7,31,32"
47482,4,"Boots of the Icy Floe",4,258,1,"5,7,31,36,45"
47483,2,"Suffering's End",4,258,4,"5,7,32,36,45"
47484,4,"Girdle of the Forgotten Martyr",4,258,4,"5,7,32,43,45"
47485,4,"Bindings of the Ashen Saint",4,258,1,"5,6,7,36,45"
47486,4,"Cuirass of Flowing Elements",4,258,3,"5,7,32,43,45"
47487,4,"Handwraps of the Lifeless Touch",4,258,1,"5,7,32,36,45"
47489,4,"Lurid Manifestation",4,258,0,"5,6,7,32,45"
47490,4,"Maiden's Adoration",4,258,1,"5,7,32,43,45"
47491,2,"Hellion Glaive",4,258,6,"3,7,32,38,44"
47492,4,"Gauntlets of Bitter Reprisal",4,258,4,"4,7,32,44"
47506,2,"Silverwing Defender",4,258,7,"4,7,12,13,14"
47513,2,"Orgrim's Deflector",4,258,7,"4,7,12,13,14"
47515,2,Decimation,4,258,8,"3,7,31,32,38"
47516,2,Fleshrender,4,258,8,"3,7,31,32,38"
47517,2,"Blade of the Unbroken Covenant",4,258,7,"5,7,32,36,45"
47518,2,Mortalis,4,258,7,"5,7,32,36,45"
47519,2,Catastrophe,4,258,5,"4,7,32,37"
47520,2,Grievance,4,258,5,"4,7,32,37"
47521,2,BRK-1000,4,258,3,"3,7,32,36,38"
47523,2,"Fezzik's Autocannon",4,258,3,"3,7,32,36,38"
47524,2,Clemency,4,258,10,"5,6,7,32,45"
47525,2,Sufferance,4,258,10,"5,6,7,32,45"
47526,2,Remorseless,4,258,4,"3,7,32,36,38"
47528,2,"Cudgel of the Damned",4,258,4,"3,7,32,36,38"
47545,4,"Vereesa's Dexterity",4,272,1,"3,7,32,38,44"
47546,4,"Sylvanas' Cunning",4,272,1,"3,7,32,38,44"
47547,4,"Varian's Furor",4,272,1,"4,7,31,32"
47548,4,"Garrosh's Rage",4,272,1,"4,7,31,32"
47549,4,"Magni's Resolution",4,272,1,"4,7,12,13,14"
47550,4,"Cairne's Endurance",4,272,1,"4,7,12,13,14"
47551,4,"Aethas' Intensity",4,272,1,"5,7,32,36,45"
47552,4,"Jaina's Radiance",4,272,1,"5,7,32,36,45"
47553,4,"Bolvar's Devotion",4,272,1,"5,6,7,36,45"
47554,4,"Lady Liadrin's Conviction",4,272,1,"5,6,7,36,45"
47758,4,"Khadgar's Shoulderpads of Triumph",4,258,1,"5,7,32,36,45"
47759,4,"Khadgar's Robe of Triumph",4,258,1,"5,6,7,31,45"
47760,4,"Khadgar's Leggings of Triumph",4,258,1,"5,6,7,32,45"
47761,4,"Khadgar's Hood of Triumph",4,258,1,"5,7,31,36,45"
47762,4,"Khadgar's Gauntlets of Triumph",4,258,1,"5,7,32,36,45"
47763,4,"Sunstrider's Gauntlets of Triumph",4,258,1,"5,7,32,36,45"
47764,4,"Sunstrider's Hood of Triumph",4,258,1,"5,7,31,36,45"
47765,4,"Sunstrider's Leggings of Triumph",4,258,1,"5,6,7,32,45"
47766,4,"Sunstrider's Robe of Triumph",4,258,1,"5,6,7,31,45"
47767,4,"Sunstrider's Shoulderpads of Triumph",4,258,1,"5,7,32,36,45"
47788,4,"Kel'Thuzad's Gloves of Triumph",4,258,1,"5,7,31,32,45"
47789,4,"Kel'Thuzad's Hood of Triumph",4,258,1,"5,6,7,32,45"
47790,4,"Kel'Thuzad's Leggings of Triumph",4,258,1,"5,7,32,36,45"
47791,4,"Kel'Thuzad's Robe of Triumph",4,258,1,"5,6,7,31,45"
47792,4,"Kel'Thuzad's Shoulderpads of Triumph",4,258,1,"5,6,7,32,45"
47793,4,"Gul'dan's Shoulderpads of Triumph",4,258,1,"5,6,7,32,45"
47794,4,"Gul'dan's Robe of Triumph",4,258,1,"5,6,7,31,45"
47795,4,"Gul'dan's Leggings of Triumph",4,258,1,"5,7,32,36,45"
47796,4,"Gul'dan's Hood of Triumph",4,258,1,"5,6,7,32,45"
47797,4,"Gul'dan's Gloves of Triumph",4,258,1,"5,7,31,32,45"
48029,4,"Velen's Shoulderpads of Triumph",4,258,1,"5,6,7,32,45"
48031,4,"Velen's Robe of Triumph",4,258,1,"5,6,7,32,45"
48033,4,"Velen's Leggings of Triumph",4,258,1,"5,6,7,36,45"
48035,4,"Velen's Cowl of Triumph",4,258,1,"5,6,7,32,45"
48037,4,"Velen's Gloves of Triumph",4,258,1,"5,6,7,36,45"
48057,4,"Zabra's Gloves of Triumph",4,258,1,"5,6,7,36,45"
48058,4,"Zabra's Cowl of Triumph",4,258,1,"5,6,7,32,45"
48059,4,"Zabra's Leggings of Triumph",4,258,1,"5,6,7,36,45"
48060,4,"Zabra's Robe of Triumph",4,258,1,"5,6,7,32,45"
48061,4,"Zabra's Shoulderpads of Triumph",4,258,1,"5,6,7,32,45"
48082,4,"Velen's Mantle of Triumph",4,258,1,"5,6,7,32,45"
48083,4,"Velen's Raiments of Triumph",4,258,1,"5,6,7,36,45"
48084,4,"Velen's Pants of Triumph",4,258,1,"5,7,31,36,45"
48085,4,"Velen's Circlet of Triumph",4,258,1,"5,6,7,31,45"
48086,4,"Velen's Handwraps of Triumph",4,258,1,"5,7,31,32,45"
48087,4,"Zabra's Handwraps of Triumph",4,258,1,"5,7,31,32,45"
48088,4,"Zabra's Circlet of Triumph",4,258,1,"5,6,7,31,45"
48089,4,"Zabra's Pants of Triumph",4,258,1,"5,7,31,36,45"
48090,4,"Zabra's Raiments of Triumph",4,258,1,"5,6,7,36,45"
48091,4,"Zabra's Mantle of Triumph",4,258,1,"5,6,7,32,45"
48138,4,"Malfurion's Spaulders of Triumph",4,258,2,"5,6,7,36,45"
48139,4,"Malfurion's Robe of Triumph",4,258,2,"5,6,7,32,45"
48140,4,"Malfurion's Leggings of Triumph",4,258,2,"5,6,7,36,45"
48141,4,"Malfurion's Headpiece of Triumph",4,258,2,"5,6,7,32,45"
48142,4,"Malfurion's Handguards of Triumph",4,258,2,"5,6,7,32,45"
48143,4,"Runetotem's Handguards of Triumph",4,258,2,"5,6,7,32,45"
48144,4,"Runetotem's Headpiece of Triumph",4,258,2,"5,6,7,32,45"
48145,4,"Runetotem's Leggings of Triumph",4,258,2,"5,6,7,36,45"
48146,4,"Runetotem's Robe of Triumph",4,258,2,"5,6,7,32,45"
48147,4,"Runetotem's Spaulders of Triumph",4,258,2,"5,6,7,36,45"
48168,4,"Malfurion's Mantle of Triumph",4,258,2,"5,6,7,32,45"
48169,4,"Malfurion's Vestments of Triumph",4,258,2,"5,7,32,36,45"
48170,4,"Malfurion's Trousers of Triumph",4,258,2,"5,6,7,31,45"
48171,4,"Malfurion's Cover of Triumph",4,258,2,"5,7,31,32,45"
48172,4,"Malfurion's Gloves of Triumph",4,258,2,"5,6,7,36,45"
48173,4,"Runetotem's Gloves of Triumph",4,258,2,"5,6,7,36,45"
48174,4,"Runetotem's Cover of Triumph",4,258,2,"5,7,31,32,45"
48175,4,"Runetotem's Trousers of Triumph",4,258,2,"5,6,7,31,45"
48176,4,"Runetotem's Vestments of Triumph",4,258,2,"5,7,32,36,45"
48177,4,"Runetotem's Mantle of Triumph",4,258,2,"5,6,7,32,45"
48198,4,"Runetotem's Shoulderpads of Triumph",4,258,2,"3,7,36,38,44"
48199,4,"Runetotem's Raiments of Triumph",4,258,2,"3,7,32,36,38"
48200,4,"Runetotem's Legguards of Triumph",4,258,2,"3,7,31,32,38"
48201,4,"Runetotem's Headguard of Triumph",4,258,2,"3,7,32,37,38"
48202,4,"Runetotem's Handgrips of Triumph",4,258,2,"3,7,31,32,38"
48203,4,"Malfurion's Handgrips of Triumph",4,258,2,"3,7,31,32,38"
48204,4,"Malfurion's Headguard of Triumph",4,258,2,"3,7,32,37,38"
48205,4,"Malfurion's Legguards of Triumph",4,258,2,"3,7,31,32,38"
48206,4,"Malfurion's Raiments of Triumph",4,258,2,"3,7,32,36,38"
48207,4,"Malfurion's Shoulderpads of Triumph",4,258,2,"3,7,36,38,44"
48228,4,"VanCleef's Pauldrons of Triumph",4,258,2,"3,7,37,38,44"
48229,4,"VanCleef's Legplates of Triumph",4,258,2,"3,7,31,38,44"
48230,4,"VanCleef's Helmet of Triumph",4,258,2,"3,7,32,37,38"
48231,4,"VanCleef's Gauntlets of Triumph",4,258,2,"3,7,31,32,38"
48232,4,"VanCleef's Breastplate of Triumph",4,258,2,"3,7,31,32,38"
48233,4,"Garona's Breastplate of Triumph",4,258,2,"3,7,31,32,38"
48234,4,"Garona's Gauntlets of Triumph",4,258,2,"3,7,31,32,38"
48235,4,"Garona's Helmet of Triumph",4,258,2,"3,7,32,37,38"
48236,4,"Garona's Legplates of Triumph",4,258,2,"3,7,31,38,44"
48237,4,"Garona's Pauldrons of Triumph",4,258,2,"3,7,37,38,44"
48260,4,"Windrunner's Spaulders of Triumph",4,258,3,"3,5,7,31,32,38"
48261,4,"Windrunner's Legguards of Triumph",4,258,3,"3,5,7,32,38,44"
48262,4,"Windrunner's Headpiece of Triumph",4,258,3,"3,5,7,32,38,44"
48263,4,"Windrunner's Handguards of Triumph",4,258,3,"3,5,7,32,36,38"
48264,4,"Windrunner's Tunic of Triumph",4,258,3,"3,5,7,31,32,38"
48265,4,"Windrunner's Tunic of Triumph",4,258,3,"3,5,7,31,32,38"
48266,4,"Windrunner's Handguards of Triumph",4,258,3,"3,5,7,32,36,38"
48267,4,"Windrunner's Headpiece of Triumph",4,258,3,"3,5,7,32,38,44"
48268,4,"Windrunner's Legguards of Triumph",4,258,3,"3,5,7,32,38,44"
48269,4,"Windrunner's Spaulders of Triumph",4,258,3,"3,5,7,31,32,38"
48290,4,"Nobundo's Spaulders of Triumph",4,258,3,"5,7,36,43,45"
48291,4,"Nobundo's Legguards of Triumph",4,258,3,"5,7,32,43,45"
48292,4,"Nobundo's Headpiece of Triumph",4,258,3,"5,7,32,43,45"
48293,4,"Nobundo's Handguards of Triumph",4,258,3,"5,7,36,43,45"
48294,4,"Nobundo's Tunic of Triumph",4,258,3,"5,7,32,36,45"
48305,4,"Thrall's Tunic of Triumph",4,258,3,"5,7,32,36,45"
48306,4,"Thrall's Handguards of Triumph",4,258,3,"5,7,36,43,45"
48307,4,"Thrall's Headpiece of Triumph",4,258,3,"5,7,32,43,45"
48308,4,"Thrall's Legguards of Triumph",4,258,3,"5,7,32,43,45"
48309,4,"Thrall's Spaulders of Triumph",4,258,3,"5,7,36,43,45"
48321,4,"Nobundo's Shoulderpads of Triumph",4,258,3,"5,7,32,36,45"
48322,4,"Nobundo's Kilt of Triumph",4,258,3,"5,7,31,32,45"
48323,4,"Nobundo's Helm of Triumph",4,258,3,"5,7,32,36,45"
48324,4,"Nobundo's Gloves of Triumph",4,258,3,"5,7,31,36,45"
48325,4,"Nobundo's Hauberk of Triumph",4,258,3,"5,7,31,36,45"
48326,4,"Thrall's Hauberk of Triumph",4,258,3,"5,7,31,36,45"
48327,4,"Thrall's Gloves of Triumph",4,258,3,"5,7,31,36,45"
48328,4,"Thrall's Helm of Triumph",4,258,3,"5,7,32,36,45"
48329,4,"Thrall's Kilt of Triumph",4,258,3,"5,7,31,32,45"
48330,4,"Thrall's Shoulderpads of Triumph",4,258,3,"5,7,32,36,45"
48351,4,"Nobundo's Shoulderguards of Triumph",4,258,3,"3,5,7,31,32,38"
48352,4,"Nobundo's War-Kilt of Triumph",4,258,3,"3,5,7,31,32,38"
48353,4,"Nobundo's Faceguard of Triumph",4,258,3,"3,5,7,31,32,38"
48354,4,"Nobundo's Grips of Triumph",4,258,3,"3,5,7,32,37,38"
48355,4,"Nobundo's Chestguard of Triumph",4,258,3,"3,5,7,32,36,38"
48356,4,"Thrall's Chestguard of Triumph",4,258,3,"3,5,7,32,36,38"
48357,4,"Thrall's Grips of Triumph",4,258,3,"3,5,7,32,37,38"
48358,4,"Thrall's Faceguard of Triumph",4,258,3,"3,5,7,31,32,38"
48359,4,"Thrall's War-Kilt of Triumph",4,258,3,"3,5,7,31,32,38"
48360,4,"Thrall's Shoulderguards of Triumph",4,258,3,"3,5,7,31,32,38"
48381,4,"Wrynn's Shoulderplates of Triumph",4,258,4,"4,7,32,44"
48382,4,"Wrynn's Legplates of Triumph",4,258,4,"4,7,32,37"
48383,4,"Wrynn's Helmet of Triumph",4,258,4,"4,7,31,32"
48384,4,"Wrynn's Gauntlets of Triumph",4,258,4,"4,7,31,32"
48385,4,"Wrynn's Battleplate of Triumph",4,258,4,"4,7,32,44"
48396,4,"Hellscream's Battleplate of Triumph",4,258,4,"4,7,32,44"
48397,4,"Hellscream's Gauntlets of Triumph",4,258,4,"4,7,31,32"
48398,4,"Hellscream's Helmet of Triumph",4,258,4,"4,7,31,32"
48399,4,"Hellscream's Legplates of Triumph",4,258,4,"4,7,32,37"
48400,4,"Hellscream's Shoulderplates of Triumph",4,258,4,"4,7,32,44"
48433,4,"Wrynn's Greathelm of Triumph",4,258,4,"4,7,12,13"
48447,4,"Wrynn's Legguards of Triumph",4,258,4,"4,7,12,31"
48451,4,"Wrynn's Breastplate of Triumph",4,258,4,"4,7,12,13,14"
48453,4,"Wrynn's Handguards of Triumph",4,258,4,"4,7,12,13,14"
48455,4,"Wrynn's Pauldrons of Triumph",4,258,4,"4,7,12,13,37"
48466,4,"Hellscream's Breastplate of Triumph",4,258,4,"4,7,12,13,14"
48467,4,"Hellscream's Handguards of Triumph",4,258,4,"4,7,12,13,14"
48468,4,"Hellscream's Greathelm of Triumph",4,258,4,"4,7,12,13"
48469,4,"Hellscream's Legguards of Triumph",4,258,4,"4,7,12,31"
48470,4,"Hellscream's Pauldrons of Triumph",4,258,4,"4,7,12,13,37"
48486,4,"Thassarian's Shoulderplates of Triumph",4,258,4,"4,7,31,32"
48487,4,"Thassarian's Legplates of Triumph",4,258,4,"4,7,32,44"
48488,4,"Thassarian's Helmet of Triumph",4,258,4,"4,7,32,37"
48489,4,"Thassarian's Gauntlets of Triumph",4,258,4,"4,7,31,32"
48490,4,"Thassarian's Battleplate of Triumph",4,258,4,"4,7,32,36"
48491,4,"Koltira's Battleplate of Triumph",4,258,4,"4,7,32,36"
48492,4,"Koltira's Gauntlets of Triumph",4,258,4,"4,7,31,32"
48493,4,"Koltira's Helmet of Triumph",4,258,4,"4,7,32,37"
48494,4,"Koltira's Legplates of Triumph",4,258,4,"4,7,32,44"
48495,4,"Koltira's Shoulderplates of Triumph",4,258,4,"4,7,31,32"
48543,4,"Thassarian's Pauldrons of Triumph",4,258,4,"4,7,12,14,31"
48544,4,"Thassarian's Legguards of Triumph",4,258,4,"4,7,12,13,14"
48545,4,"Thassarian's Faceguard of Triumph",4,258,4,"4,7,12,13,31"
48546,4,"Thassarian's Handguards of Triumph",4,258,4,"4,7,12,13,14"
48547,4,"Thassarian's Chestguard of Triumph",4,258,4,"4,7,12,13,14"
48548,4,"Koltira's Chestguard of Triumph",4,258,4,"4,7,12,13,14"
48549,4,"Koltira's Handguards of Triumph",4,258,4,"4,7,12,13,14"
48550,4,"Koltira's Faceguard of Triumph",4,258,4,"4,7,12,13,31"
48551,4,"Koltira's Legguards of Triumph",4,258,4,"4,7,12,13,14"
48552,4,"Koltira's Pauldrons of Triumph",4,258,4,"4,7,12,14,31"
48580,4,"Turalyon's Spaulders of Triumph",4,258,4,"5,7,32,36,45"
48581,4,"Turalyon's Greaves of Triumph",4,258,4,"5,7,32,43,45"
48582,4,"Turalyon's Headpiece of Triumph",4,258,4,"5,7,32,36,45"
48583,4,"Turalyon's Gloves of Triumph",4,258,4,"5,7,36,43,45"
48584,4,"Turalyon's Tunic of Triumph",4,258,4,"5,7,32,43,45"
48585,4,"Liadrin's Spaulders of Triumph",4,258,4,"5,7,32,36,45"
48586,4,"Liadrin's Greaves of Triumph",4,258,4,"5,7,32,43,45"
48587,4,"Liadrin's Headpiece of Triumph",4,258,4,"5,7,32,36,45"
48588,4,"Liadrin's Gloves of Triumph",4,258,4,"5,7,36,43,45"
48589,4,"Liadrin's Tunic of Triumph",4,258,4,"5,7,32,43,45"
48612,4,"Turalyon's Shoulderplates of Triumph",4,258,4,"4,7,31,32"
48613,4,"Turalyon's Legplates of Triumph",4,258,4,"4,7,32,37"
48614,4,"Turalyon's Helm of Triumph",4,258,4,"4,7,32,36"
48615,4,"Turalyon's Gauntlets of Triumph",4,258,4,"4,7,31,32"
48616,4,"Turalyon's Battleplate of Triumph",4,258,4,"4,7,32,44"
48617,4,"Liadrin's Battleplate of Triumph",4,258,4,"4,7,32,44"
48618,4,"Liadrin's Gauntlets of Triumph",4,258,4,"4,7,31,32"
48619,4,"Liadrin's Helm of Triumph",4,258,4,"4,7,32,36"
48620,4,"Liadrin's Legplates of Triumph",4,258,4,"4,7,32,37"
48621,4,"Liadrin's Shoulderplates of Triumph",4,258,4,"4,7,31,32"
48642,4,"Turalyon's Breastplate of Triumph",4,258,4,"4,7,12,13,14"
48643,4,"Turalyon's Handguards of Triumph",4,258,4,"4,7,12,13,14"
48644,4,"Turalyon's Faceguard of Triumph",4,258,4,"4,7,12,13"
48645,4,"Turalyon's Legguards of Triumph",4,258,4,"4,7,12,31"
48646,4,"Turalyon's Shoulderguards of Triumph",4,258,4,"4,7,12,13,37"
48647,4,"Liadrin's Shoulderguards of Triumph",4,258,4,"4,7,12,13,37"
48648,4,"Liadrin's Legguards of Triumph",4,258,4,"4,7,12,31"
48649,4,"Liadrin's Faceguard of Triumph",4,258,4,"4,7,12,13"
48650,4,"Liadrin's Handguards of Triumph",4,258,4,"4,7,12,13,14"
48651,4,"Liadrin's Breastplate of Triumph",4,258,4,"4,7,12,13,14"
48666,4,"Drape of the Sunreavers",4,258,1,"5,7,32,36,45"
48667,4,"Shawl of the Devout Crusader",4,258,1,"5,6,7,36,45"
48668,4,"Cloak of Serrated Blades",4,258,1,"3,7,32,38,44"
48669,4,"Cloak of the Triumphant Combatant",4,258,1,"4,7,31,32"
48670,4,"Cloak of the Unflinching Guardian",4,258,1,"4,7,12,13,14"
48671,4,"Drape of Bitter Incantation",4,258,1,"5,7,32,36,45"
48672,4,"Shawl of Fervent Crusader",4,258,1,"5,6,7,36,45"
48673,4,"Cloak of the Silver Covenant",4,258,1,"3,7,32,38,44"
48674,4,"Cloak of the Victorious Combatant",4,258,1,"4,7,31,32"
48675,4,"Cloak of the Unmoving Guardian",4,258,1,"4,7,12,13,14"
49623,2,Shadowmourne,5,284,1,"4,7,32,44"
49686,4,"Maghia's Misguided Quill",4,277,0,6
49888,2,"Shadow's Edge",4,264,1,"4,7,32,44"
49890,4,"Deathfrost Boots",4,264,1,"5,7,31,32,45"
49891,4,"Leggings of Woven Death",4,264,1,"5,7,32,36,45"
49892,4,"Lightweave Leggings",4,264,1,"5,6,7,32,45"
49893,4,"Sandals of Consecration",4,264,1,"5,6,7,32,45"
49894,4,"Blessed Cenarion Boots",4,264,2,"5,6,7,36,45"
49895,4,"Footpads of Impending Death",4,264,2,"3,7,32,37,38"
49896,4,"Earthsoul Boots",4,264,3,"5,7,32,36,45"
49897,4,"Rock-Steady Treads",4,264,3,"3,5,7,32,38,44"
49898,4,"Legwraps of Unleashed Nature",4,264,2,"5,6,7,32,45"
49899,4,"Bladeborn Leggings",4,264,2,"3,7,32,38,44"
49900,4,"Lightning-Infused Leggings",4,264,3,"5,7,32,36,45"
49901,4,"Draconic Bonesplinter Legguards",4,264,3,"3,5,7,32,38,44"
49902,4,"Puresteel Legplates",4,264,4,"5,7,32,36,45"
49903,4,"Legplates of Painful Death",4,264,4,"4,7,32,44"
49904,4,"Pillars of Might",4,264,4,"4,7,13,14"
49905,4,"Protectors of Life",4,264,4,"5,7,32,36,45"
49906,4,"Hellfrozen Bonegrinders",4,264,4,"4,7,32,44"
49907,4,"Boots of Kingly Upheaval",4,264,4,"4,7,13,14,31"
49919,2,Cryptmaker,4,264,5,"4,7,31,44"
49949,4,"Band of the Bone Colossus",4,264,0,"3,7,31,36,38"
49950,4,"Frostbitten Fur Boots",4,264,2,"3,7,32,38,44"
49951,4,"Gendarme's Cuirass",4,264,4,"4,7,31,32"
49952,4,"Snowserpent Mail Helm",4,264,3,"3,5,7,31,32,38"
49960,4,"Bracers of Dark Reckoning",4,264,4,"4,7,12,13,14"
49964,4,"Legguards of Lost Hope",4,264,4,"4,7,12,13,31"
49967,4,"Marrowgar's Frigid Eye",4,264,0,"5,7,36,43,45"
49968,2,"Frozen Bonespike",4,264,15,"5,6,7,32,45"
49975,4,"Bone Sentinel's Amulet",4,264,0,"5,6,7,36,45"
49976,4,"Bulwark of Smouldering Steel",4,264,6,"5,7,32,36,45"
49977,4,"Loop of the Endless Labyrinth",4,264,0,"5,7,31,32,45"
49978,4,"Crushing Coldwraith Belt",4,264,1,"5,7,32,36,45"
49979,4,"Handguards of Winter's Respite",4,264,2,"5,6,7,36,45"
49980,4,"Rusted Bonespike Pauldrons",4,264,4,"5,7,32,43,45"
49981,2,"Fal'inrush, Defender of Quel'thalas",4,271,18,"3,7,32,38,44"
49982,2,Heartpierce,4,264,15,"7,38"
49983,4,"Blood-Soaked Saronite Stompers",4,264,4,"4,7,32,44"
49985,4,"Juggernaut Band",4,264,0,"4,7,12,13,14"
49986,4,"Broken Ram Skull Helm",4,264,4,"4,7,12,13,31"
49987,4,"Cultist's Bloodsoaked Spaulders",4,264,2,"3,7,32,36,38"
49988,4,"Leggings of Northern Lights",4,264,3,"3,5,7,32,38,44"
49989,4,"Ahn'kahar Onyx Neckguard",4,264,0,"4,7,31,32"
49990,4,"Ring of Maddening Whispers",4,264,0,"5,6,7,32,45"
49991,4,"Shoulders of Mercy Killing",4,264,1,"5,7,31,36,45"
49992,2,Nibelung,4,264,10,"5,7,45"
49993,4,"Necrophotic Greaves",4,264,3,"5,7,32,43,45"
49994,4,"The Lady's Brittle Bracers",4,264,1,"5,7,31,32,45"
49995,4,"Fallen Lord's Handguards",4,264,4,"5,7,32,36,45"
49996,4,"Deathwhisper Raiment",4,264,2,"5,6,7,32,45"
49997,2,"Mithrios, Bronzebeard's Legacy",4,271,4,"4,7,12,14,37"
49998,4,"Shadowvault Slayer's Cloak",4,264,1,"3,7,32,36,38"
49999,4,"Skeleton Lord's Circle",4,264,0,"4,7,32,37"
50000,4,"Scourge Hunter's Vambraces",4,264,3,"3,5,7,32,38,44"
50001,4,"Ikfirus's Sack of Wonder",4,264,2,"3,7,31,37,38"
50002,4,"Polar Bear Claw Bracers",4,264,4,"4,7,31,32"
50003,4,"Boneguard Commander's Pauldrons",4,264,4,"4,7,12,13,14"
50005,4,"Amulet of the Silent Eulogy",4,264,0,"5,7,31,36,45"
50006,4,"Corp'rethar Ceremonial Crown",4,264,1,"5,6,7,32,45"
50008,4,"Ring of Rapid Ascent",4,264,0,"5,7,32,36,45"
50009,4,"Boots of Unnatural Growth",4,264,2,"5,6,7,32,45"
50010,4,"Waistband of Righteous Fury",4,264,4,"5,7,32,43,45"
50011,4,"Gunship Captain's Mittens",4,264,1,"5,7,31,36,45"
50012,2,"Havoc's Call, Blade of Lordaeron Kings",4,271,0,"3,7,32,36,38"
50014,4,"Greatcloak of the Turned Champion",4,264,1,"5,6,7,36,45"
50015,4,"Belt of the Blood Nova",4,264,3,"5,7,36,43,45"
50016,2,"Rib Spreader",4,264,15,"3,7,32,36,38"
50019,4,"Winding Sheet",4,264,1,"4,7,32,36"
50020,4,"Raging Behemoth's Shoulderplates",4,264,4,"4,7,31,32"
50021,4,"Aldriana's Gloves of Secrecy",4,264,2,"3,7,36,38,44"
50022,4,"Dual-Bladed Pauldrons",4,264,3,"3,5,7,32,36,38"
50023,4,"Bile-Encrusted Medallion",4,264,0,"4,7,12,13"
50024,4,"Blightborne Warplate",4,264,4,"4,7,12,13,31"
50025,4,"Seal of Many Mouths",4,264,0,"3,7,32,37,38"
50026,4,"Helm of the Elder Moon",4,264,2,"5,6,7,32,45"
50027,4,"Rot-Resistant Breastplate",4,264,4,"5,7,32,36,45"
50028,2,Trauma,4,264,4,"5,7,45"
50030,4,"Bloodsunder's Bracers",4,264,3,"5,7,32,36,45"
50032,4,"Death Surgeon's Sleeves",4,264,1,"5,6,7,32,45"
50033,2,"Corpse-Impaling Spike",4,264,19,"5,7,32,36,45"
50034,2,"Zod's Repeating Longbow",4,264,2,"3,7"
50035,2,"Black Bruise",4,264,13,"7,38"
50036,4,"Belt of Broken Bones",4,264,4,"4,7,12,13,14"
50037,4,"Fleshrending Gauntlets",4,264,4,"4,7,32,36"
50038,4,"Carapace of Forgotten Kings",4,264,3,"3,5,7,31,32,38"
50040,2,"Distant Land",4,264,10,"3,7,32,36,38"
50041,4,"Leather of Stitched Scourge Parts",4,264,2,"5,6,7,36,45"
50042,4,"Gangrenous Leggings",4,264,2,"3,7,31,32,38"
50046,2,"Quel'Delar, Cunning of the Shadows",4,251,7,"3,7,32,38,44"
50047,2,"Quel'Delar, Lens of the Mind",4,251,7,"5,7,32,36,45"
50048,2,"Quel'Delar, Might of the Faithful",4,251,8,"4,7,32,36"
50049,2,"Quel'Delar, Ferocity of the Scorned",4,251,8,"3,7,32,38,44"
50050,2,"Cudgel of Furious Justice",4,251,4,"3,7,32,36,38"
50051,2,"Hammer of Purified Flame",4,251,4,"5,7,32,36,45"
50052,2,"Lightborn Spire",4,251,5,"3,7,32,37,38"
50056,4,"Plaguebringer's Stained Pants",4,264,1,"5,7,31,36,45"
50059,4,"Horrific Flesh Epaulets",4,264,3,"5,7,32,36,45"
50060,4,"Faceplate of the Forgotten",4,264,4,"5,7,32,43,45"
50061,4,"Holiday's Grace",4,264,0,"5,7,32,43,45"
50062,4,"Plague Scientist's Boots",4,264,1,"5,7,32,36,45"
50063,4,"Lingering Illness",4,264,1,"5,6,7,32,45"
50064,4,"Unclean Surgical Gloves",4,264,3,"5,7,36,43,45"
50065,4,"Icecrown Glacial Wall",4,264,6,"4,7,12,14"
50067,4,"Astrylian's Sutured Cinch",4,264,2,"3,7,32,38,44"
50068,2,Rigormortis,4,264,7,"5,7,31,36,45"
50069,4,"Professor's Bloodied Smock",4,264,2,"5,6,7,36,45"
50070,2,"Glorenzelg, High-Blade of the Silver Hand",4,271,8,"4,7,32,37"
50071,4,"Treads of the Wasteland",4,264,3,"3,5,7,31,32,38"
50072,4,"Landsoul's Horned Greathelm",4,264,4,"4,7,31,32"
50073,4,"Geistlord's Punishment Sack",4,264,2,"3,7,31,32,38"
50074,4,"Royal Crimson Cloak",4,264,1,"4,7,12,13,31"
50075,4,"Taldaram's Plated Fists",4,264,4,"4,7,12,13,14"
50078,4,"Ymirjar Lord's Battleplate",4,251,4,"4,7,32,44"
50079,4,"Ymirjar Lord's Gauntlets",4,251,4,"4,7,31,32"
50080,4,"Ymirjar Lord's Helmet",4,251,4,"4,7,32,44"
50081,4,"Ymirjar Lord's Legplates",4,251,4,"4,7,32,37"
50082,4,"Ymirjar Lord's Shoulderplates",4,251,4,"4,7,32,44"
50087,4,"Shadowblade Breastplate",4,251,2,"3,7,32,38,44"
50088,4,"Shadowblade Gauntlets",4,251,2,"3,7,32,36,38"
50089,4,"Shadowblade Helmet",4,251,2,"3,7,32,38,44"
50090,4,"Shadowblade Legplates",4,251,2,"3,7,32,37,38"
50094,4,"Scourgelord Battleplate",4,251,4,"4,7,32,44"
50095,4,"Scourgelord Gauntlets",4,251,4,"4,7,31,32"
50096,4,"Scourgelord Helmet",4,251,4,"4,7,32,44"
50097,4,"Scourgelord Legplates",4,251,4,"4,7,32,37"
50098,4,"Scourgelord Shoulderplates",4,251,4,"4,7,32,44"
50105,4,"Shadowblade Pauldrons",4,251,2,"3,7,31,32,38"
50106,4,"Lasherweave Robes",4,251,2,"5,6,7,32,45"
50107,4,"Lasherweave Gauntlets",4,251,2,"5,6,7,36,45"
50108,4,"Lasherweave Helmet",4,251,2,"5,6,7,32,45"
50109,4,"Lasherweave Legplates",4,251,2,"5,6,7,36,45"
50113,4,"Lasherweave Pauldrons",4,251,2,"5,6,7,32,45"
50114,4,"Ahn'Kahar Blood Hunter's Handguards",4,251,3,"3,5,7,31,32,38"
50115,4,"Ahn'Kahar Blood Hunter's Headpiece",4,251,3,"3,5,7,32,38,44"
50116,4,"Ahn'Kahar Blood Hunter's Legguards",4,251,3,"3,5,7,32,36,38"
50117,4,"Ahn'Kahar Blood Hunter's Spaulders",4,251,3,"3,5,7,32,38,44"
50118,4,"Ahn'Kahar Blood Hunter's Tunic",4,251,3,"3,5,7,32,38,44"
50170,4,"Valanar's Other Signet Ring",4,264,0,"5,7,31,36,45"
50171,4,"Shoulders of Frost-Tipped Thorns",4,264,2,"5,6,7,36,45"
50172,4,"Sanguine Silk Robes",4,264,1,"5,6,7,36,45"
50173,4,"Shadow Silk Spindle",4,264,0,"5,7,32,36,45"
50174,4,"Incarnadine Band of Mending",4,264,0,"5,7,32,43,45"
50175,4,"Crypt Keeper's Bracers",4,264,4,"5,7,32,36,45"
50176,4,"San'layn Ritualist Gloves",4,264,1,"5,6,7,36,45"
50177,4,"Mail of Crimson Coins",4,264,3,"5,7,36,43,45"
50178,2,Bloodfall,4,264,6,"3,7,32,36,38"
50179,2,"Last Word",4,264,4,7
50180,4,"Lana'thel's Chain of Flagellation",4,264,0,"4,7,37,44"
50181,2,"Dying Light",4,264,10,"5,6,7,36,45"
50182,4,"Blood Queen's Crimson Choker",4,264,0,"5,7,32,36,45"
50183,2,Lungbreaker,4,264,15,"3,7,32,38,44"
50184,2,"Keleseth's Seducer",4,264,13,"3,7,31,36,38"
50185,4,"Devium's Eternally Cold Ring",4,264,0,"4,7,12,13"
50186,4,"Frostbrood Sapphire Ring",4,264,0,"3,7,32,38,44"
50187,4,"Coldwraith Links",4,264,4,"4,7,32,44"
50188,4,"Anub'ar Stalker's Gloves",4,264,3,"3,5,7,32,36,38"
50190,4,"Grinning Skull Greatboots",4,264,4,"4,7,12,13,37"
50192,4,"Scourge Reaver's Legplates",4,264,4,"4,7,32,36"
50195,4,"Noose of Malachite",4,264,0,"4,7,12,13,31"
50199,4,"Leggings of Dying Candles",4,264,4,"5,7,32,43,45"
50202,4,"Snowstorm Helm",4,264,3,"5,7,32,43,45"
50204,2,"Wand of the Drowned Contessa",4,264,19,"5,6,7,36"
50205,4,"Frostbinder's Shredded Cape",4,264,1,"5,7,32,36,45"
50240,4,"Dark Coven Gloves",4,251,1,"5,7,31,32,45"
50241,4,"Dark Coven Hood",4,251,1,"5,7,32,36,45"
50242,4,"Dark Coven Leggings",4,251,1,"5,7,31,32,45"
50243,4,"Dark Coven Robe",4,251,1,"5,7,32,36,45"
50244,4,"Dark Coven Shoulderpads",4,251,1,"5,7,32,36,45"
50275,4,"Bloodmage Gloves",4,251,1,"5,7,31,32,45"
50276,4,"Bloodmage Hood",4,251,1,"5,7,32,36,45"
50277,4,"Bloodmage Leggings",4,251,1,"5,7,31,32,45"
50278,4,"Bloodmage Robe",4,251,1,"5,7,32,36,45"
50279,4,"Bloodmage Shoulderpads",4,251,1,"5,7,32,36,45"
50324,4,"Lightsworn Shoulderplates",4,251,4,"4,7,32,36"
50325,4,"Lightsworn Legplates",4,251,4,"4,7,32,37"
50326,4,"Lightsworn Helmet",4,251,4,"4,7,32,36"
50327,4,"Lightsworn Gauntlets",4,251,4,"4,7,31,32"
50328,4,"Lightsworn Battleplate",4,251,4,"4,7,32,36"
50333,4,"Toskk's Maximized Wristguards",4,264,2,"3,7,32,38,44"
50339,4,"Sliver of Pure Ice",4,251,0,45
50340,4,"Muradin's Spyglass",4,251,0,32
50341,4,"Unidentifiable Organ",4,251,0,""
50342,4,"Whispering Fanged Skull",4,251,0,32
50343,4,"Whispering Fanged Skull",4,264,0,32
50344,4,"Unidentifiable Organ",4,264,0,""
50345,4,"Muradin's Spyglass",4,264,0,32
50346,4,"Sliver of Pure Ice",4,264,0,45
50348,4,"Dislodged Foreign Object",4,277,0,36
50349,4,"Corpse Tongue Coin",4,277,0,13
50351,4,"Tiny Abomination in a Jar",4,264,0,31
50352,4,"Corpse Tongue Coin",4,264,0,13
50353,4,"Dislodged Foreign Object",4,264,0,36
50354,4,"Bauble of True Blood",4,264,0,43
50355,4,"Herkuml War Token",4,264,0,36
50356,4,"Corroded Skeleton Key",4,264,0,7
50357,4,"Maghia's Misguided Quill",4,264,0,31
50358,4,"Purified Lunar Dust",4,264,0,45
50359,4,"Althor's Abacus",4,264,0,45
50360,4,"Phylactery of the Nameless Lich",4,264,0,32
50361,4,"Sindragosa's Flawless Fang",4,264,0,7
50362,4,"Deathbringer's Will",4,264,0,44
50363,4,"Deathbringer's Will",4,277,0,44
50364,4,"Sindragosa's Flawless Fang",4,277,0,7
50365,4,"Phylactery of the Nameless Lich",4,277,0,32
50366,4,"Althor's Abacus",4,277,0,45
50375,4,"Ashen Band of Courage",4,251,0,"4,7,12,13,31"
50376,4,"Ashen Band of Vengeance",4,251,0,"3,7,31,32,38"
50377,4,"Ashen Band of Destruction",4,251,0,"5,7,31,36,45"
50378,4,"Ashen Band of Wisdom",4,251,0,"5,7,36,43,45"
50384,4,"Ashen Band of Greater Destruction",4,259,0,"5,7,31,36,45"
50386,4,"Ashen Band of Greater Wisdom",4,259,0,"5,7,36,43,45"
50387,4,"Ashen Band of Greater Vengeance",4,259,0,"3,7,31,32,38"
50388,4,"Ashen Band of Greater Courage",4,259,0,"4,7,12,13,31"
50391,4,"Crimson Acolyte Handwraps",4,251,1,"5,7,31,32,45"
50392,4,"Crimson Acolyte Cowl",4,251,1,"5,7,32,36,45"
50393,4,"Crimson Acolyte Pants",4,251,1,"5,7,31,32,45"
50394,4,"Crimson Acolyte Raiments",4,251,1,"5,7,32,36,45"
50396,4,"Crimson Acolyte Mantle",4,251,1,"5,7,32,36,45"
50397,4,"Ashen Band of Unmatched Destruction",4,268,0,"5,7,31,36,45"
50398,4,"Ashen Band of Endless Destruction",4,277,0,"5,7,31,36,45"
50399,4,"Ashen Band of Unmatched Wisdom",4,268,0,"5,7,36,43,45"
50400,4,"Ashen Band of Endless Wisdom",4,277,0,"5,7,36,43,45"
50401,4,"Ashen Band of Unmatched Vengeance",4,268,0,"3,7,31,32,38"
50402,4,"Ashen Band of Endless Vengeance",4,277,0,"3,7,31,32,38"
50403,4,"Ashen Band of Unmatched Courage",4,268,0,"4,7,12,13,31"
50404,4,"Ashen Band of Endless Courage",4,277,0,"4,7,12,13,31"
50411,2,"Scourgeborne Waraxe",4,264,0,"3,7,32,38,44"
50412,2,"Bloodvenom Blade",4,264,7,"3,7,31,38,44"
50413,4,"Nerub'ar Stalker's Cord",4,264,3,"3,5,7,32,38,44"
50414,4,"Might of Blight",4,264,0,"4,7,32,44"
50415,2,"Bryntroll, the Bone Arbiter",4,264,1,"4,7"
50416,4,"Boots of the Funeral March",4,264,4,"5,7,32,43,45"
50417,4,"Bracers of Eternal Dreaming",4,264,2,"5,6,7,32,45"
50418,4,"Robe of the Waking Nightmare",4,264,1,"5,7,31,32,45"
50421,4,"Sindragosa's Cruel Claw",4,264,0,"3,7,36,38,44"
50423,4,"Sundial of Eternal Dusk",4,264,0,"5,6,7,36,45"
50424,4,"Memory of Malygos",4,264,0,"5,6,7,36,45"
50425,2,"Oathbinder, Charge of the Ranger-General",4,271,6,"3,7,32,38,44"
50426,2,"Heaven's Fall, Kryss of a Thousand Lies",4,271,15,"3,7,32,36,38"
50427,2,"Bloodsurge, Kel'Thuzad's Blade of Agony",4,271,7,"5,7,32,36,45"
50428,2,"Royal Scepter of Terenas II",4,271,4,"5,7,32,36,45"
50429,2,"Archus, Greatstaff of Antonidas",4,271,10,"5,6,7,36,45"
50444,2,"Rowan's Rifle of Silver Bullets",4,264,3,"4,7,13,14,31"
50447,4,"Harbinger's Bone Band",4,264,0,"4,7,12,13,31"
50449,4,"Stiffened Corpse Shoulderpads",4,264,1,"5,6,7,32,45"
50450,4,"Leggings of Dubious Charms",4,264,3,"5,7,32,43,45"
50451,4,"Belt of the Lonely Noble",4,264,4,"5,7,32,36,45"
50452,4,"Wodin's Lucky Necklace",4,264,0,"3,7,31,32,38"
50453,4,"Ring of Rotting Sinew",4,264,0,"4,7,31,32"
50466,4,"Sentinel's Winter Cloak",4,264,1,"4,7,12,13"
50467,4,"Might of the Ocean Serpent",4,264,1,"4,7,37,44"
50468,4,"Drape of the Violet Tower",4,264,1,"5,7,32,43,45"
50469,4,"Volde's Cloak of the Night Sky",4,264,1,"5,6,7,32,45"
50470,4,"Recovered Scarlet Onslaught Cape",4,264,1,"3,7,32,38,44"
50472,2,"Nightmare Ender",4,264,19,"5,6,7,32,45"
50474,2,"Shrapnel Star",4,264,16,"3,7,32,36,38"
50603,2,Cryptmaker,4,277,5,"4,7,31,44"
50604,4,"Band of the Bone Colossus",4,277,0,"3,7,31,36,38"
50605,4,"Snowserpent Mail Helm",4,277,3,"3,5,7,31,32,38"
50606,4,"Gendarme's Cuirass",4,277,4,"4,7,31,32"
50607,4,"Frostbitten Fur Boots",4,277,2,"3,7,32,38,44"
50608,2,"Frozen Bonespike",4,277,15,"5,6,7,32,45"
50609,4,"Bone Sentinel's Amulet",4,277,0,"5,6,7,36,45"
50610,4,"Marrowgar's Frigid Eye",4,277,0,"5,7,36,43,45"
50611,4,"Bracers of Dark Reckoning",4,277,4,"4,7,12,13,14"
50612,4,"Legguards of Lost Hope",4,277,4,"4,7,12,13,31"
50613,4,"Crushing Coldwraith Belt",4,277,1,"5,7,32,36,45"
50614,4,"Loop of the Endless Labyrinth",4,277,0,"5,7,31,32,45"
50615,4,"Handguards of Winter's Respite",4,277,2,"5,6,7,36,45"
50616,4,"Bulwark of Smouldering Steel",4,277,6,"5,7,32,36,45"
50617,4,"Rusted Bonespike Pauldrons",4,277,4,"5,7,32,43,45"
50618,4,"Frostbrood Sapphire Ring",4,277,0,"3,7,32,38,44"
50619,4,"Anub'ar Stalker's Gloves",4,277,3,"3,5,7,32,36,38"
50620,4,"Coldwraith Links",4,277,4,"4,7,32,44"
50621,2,Lungbreaker,4,277,15,"3,7,32,38,44"
50622,4,"Devium's Eternally Cold Ring",4,277,0,"4,7,12,13"
50623,4,"Leggings of Dying Candles",4,277,4,"5,7,32,43,45"
50624,4,"Scourge Reaver's Legplates",4,277,4,"4,7,32,36"
50625,4,"Grinning Skull Greatboots",4,277,4,"4,7,12,13,37"
50626,4,"Snowstorm Helm",4,277,3,"5,7,32,43,45"
50627,4,"Noose of Malachite",4,277,0,"4,7,12,13,31"
50628,4,"Frostbinder's Shredded Cape",4,277,1,"5,7,32,36,45"
50629,4,"Robe of the Waking Nightmare",4,277,1,"5,7,31,32,45"
50630,4,"Bracers of Eternal Dreaming",4,277,2,"5,6,7,32,45"
50631,2,"Nightmare Ender",4,277,19,"5,6,7,32,45"
50632,4,"Boots of the Funeral March",4,277,4,"5,7,32,43,45"
50633,4,"Sindragosa's Cruel Claw",4,277,0,"3,7,36,38,44"
50635,4,"Sundial of Eternal Dusk",4,277,0,"5,6,7,36,45"
50636,4,"Memory of Malygos",4,277,0,"5,6,7,36,45"
50638,2,"Zod's Repeating Longbow",4,277,2,"3,7"
50639,4,"Blood-Soaked Saronite Stompers",4,277,4,"4,7,32,44"
50640,4,"Broken Ram Skull Helm",4,277,4,"4,7,12,13,31"
50641,2,Heartpierce,4,277,15,"7,38"
50642,4,"Juggernaut Band",4,277,0,"4,7,12,13,14"
50643,4,"Shoulders of Mercy Killing",4,277,1,"5,7,31,36,45"
50644,4,"Ring of Maddening Whispers",4,277,0,"5,6,7,32,45"
50645,4,"Leggings of Northern Lights",4,277,3,"3,5,7,32,38,44"
50646,4,"Cultist's Bloodsoaked Spaulders",4,277,2,"3,7,32,36,38"
50647,4,"Ahn'kahar Onyx Neckguard",4,277,0,"4,7,31,32"
50648,2,Nibelung,4,277,10,"5,7,45"
50649,4,"Deathwhisper Raiment",4,277,2,"5,6,7,32,45"
50650,4,"Fallen Lord's Handguards",4,277,4,"5,7,32,36,45"
50651,4,"The Lady's Brittle Bracers",4,277,1,"5,7,31,32,45"
50652,4,"Necrophotic Greaves",4,277,3,"5,7,32,43,45"
50653,4,"Shadowvault Slayer's Cloak",4,277,1,"3,7,32,36,38"
50654,2,"Scourgeborne Waraxe",4,277,0,"3,7,32,38,44"
50655,4,"Scourge Hunter's Vambraces",4,277,3,"3,5,7,32,38,44"
50656,4,"Ikfirus's Sack of Wonder",4,277,2,"3,7,31,37,38"
50657,4,"Skeleton Lord's Circle",4,277,0,"4,7,32,37"
50658,4,"Amulet of the Silent Eulogy",4,277,0,"5,7,31,36,45"
50659,4,"Polar Bear Claw Bracers",4,277,4,"4,7,31,32"
50660,4,"Boneguard Commander's Pauldrons",4,277,4,"4,7,12,13,14"
50661,4,"Corp'rethar Ceremonial Crown",4,277,1,"5,6,7,32,45"
50663,4,"Gunship Captain's Mittens",4,277,1,"5,7,31,36,45"
50664,4,"Ring of Rapid Ascent",4,277,0,"5,7,32,36,45"
50665,4,"Boots of Unnatural Growth",4,277,2,"5,6,7,32,45"
50667,4,"Waistband of Righteous Fury",4,277,4,"5,7,32,43,45"
50668,4,"Greatcloak of the Turned Champion",4,277,1,"5,6,7,36,45"
50670,4,"Toskk's Maximized Wristguards",4,277,2,"3,7,32,38,44"
50671,4,"Belt of the Blood Nova",4,277,3,"5,7,36,43,45"
50672,2,"Bloodvenom Blade",4,277,7,"3,7,31,38,44"
50673,4,"Dual-Bladed Pauldrons",4,277,3,"3,5,7,32,36,38"
50674,4,"Raging Behemoth's Shoulderplates",4,277,4,"4,7,31,32"
50675,4,"Aldriana's Gloves of Secrecy",4,277,2,"3,7,36,38,44"
50676,2,"Rib Spreader",4,277,15,"3,7,32,36,38"
50677,4,"Winding Sheet",4,277,1,"4,7,32,36"
50678,4,"Seal of Many Mouths",4,277,0,"3,7,32,37,38"
50679,4,"Helm of the Elder Moon",4,277,2,"5,6,7,32,45"
50680,4,"Rot-Resistant Breastplate",4,277,4,"5,7,32,36,45"
50681,4,"Blightborne Warplate",4,277,4,"4,7,12,13,31"
50682,4,"Bile-Encrusted Medallion",4,277,0,"4,7,12,13"
50684,2,"Corpse-Impaling Spike",4,277,19,"5,7,32,36,45"
50685,2,Trauma,4,277,4,"5,7,45"
50686,4,"Death Surgeon's Sleeves",4,277,1,"5,6,7,32,45"
50687,4,"Bloodsunder's Bracers",4,277,3,"5,7,32,36,45"
50688,4,"Nerub'ar Stalker's Cord",4,277,3,"3,5,7,32,38,44"
50689,4,"Carapace of Forgotten Kings",4,277,3,"3,5,7,31,32,38"
50690,4,"Fleshrending Gauntlets",4,277,4,"4,7,32,36"
50691,4,"Belt of Broken Bones",4,277,4,"4,7,12,13,14"
50692,2,"Black Bruise",4,277,13,"7,38"
50693,4,"Might of Blight",4,277,0,"4,7,32,44"
50694,4,"Plaguebringer's Stained Pants",4,277,1,"5,7,31,36,45"
50695,2,"Distant Land",4,277,10,"3,7,32,36,38"
50696,4,"Leather of Stitched Scourge Parts",4,277,2,"5,6,7,36,45"
50697,4,"Gangrenous Leggings",4,277,2,"3,7,31,32,38"
50698,4,"Horrific Flesh Epaulets",4,277,3,"5,7,32,36,45"
50699,4,"Plague Scientist's Boots",4,277,1,"5,7,32,36,45"
50700,4,"Holiday's Grace",4,277,0,"5,7,32,43,45"
50701,4,"Faceplate of the Forgotten",4,277,4,"5,7,32,43,45"
50702,4,"Lingering Illness",4,277,1,"5,6,7,32,45"
50703,4,"Unclean Surgical Gloves",4,277,3,"5,7,36,43,45"
50704,2,Rigormortis,4,277,7,"5,7,31,36,45"
50705,4,"Professor's Bloodied Smock",4,277,2,"5,6,7,36,45"
50706,4,"Tiny Abomination in a Jar",4,277,0,31
50707,4,"Astrylian's Sutured Cinch",4,277,2,"3,7,32,38,44"
50708,2,"Last Word",4,277,4,7
50709,2,"Bryntroll, the Bone Arbiter",4,277,1,"4,7"
50710,2,"Keleseth's Seducer",4,277,13,"3,7,31,36,38"
50711,4,"Treads of the Wasteland",4,277,3,"3,5,7,31,32,38"
50712,4,"Landsoul's Horned Greathelm",4,277,4,"4,7,31,32"
50713,4,"Geistlord's Punishment Sack",4,277,2,"3,7,31,32,38"
50714,4,"Valanar's Other Signet Ring",4,277,0,"5,7,31,36,45"
50715,4,"Shoulders of Frost-Tipped Thorns",4,277,2,"5,6,7,36,45"
50716,4,"Taldaram's Plated Fists",4,277,4,"4,7,12,13,14"
50717,4,"Sanguine Silk Robes",4,277,1,"5,6,7,36,45"
50718,4,"Royal Crimson Cloak",4,277,1,"4,7,12,13,31"
50719,4,"Shadow Silk Spindle",4,277,0,"5,7,32,36,45"
50720,4,"Incarnadine Band of Mending",4,277,0,"5,7,32,43,45"
50721,4,"Crypt Keeper's Bracers",4,277,4,"5,7,32,36,45"
50722,4,"San'layn Ritualist Gloves",4,277,1,"5,6,7,36,45"
50723,4,"Mail of Crimson Coins",4,277,3,"5,7,36,43,45"
50724,4,"Blood Queen's Crimson Choker",4,277,0,"5,7,32,36,45"
50725,2,"Dying Light",4,277,10,"5,6,7,36,45"
50726,4,"Bauble of True Blood",4,277,0,43
50727,2,Bloodfall,4,277,6,"3,7,32,36,38"
50728,4,"Lana'thel's Chain of Flagellation",4,277,0,"4,7,37,44"
50729,4,"Icecrown Glacial Wall",4,277,6,"4,7,12,14"
50730,2,"Glorenzelg, High-Blade of the Silver Hand",4,284,8,"4,7,32,37"
50731,2,"Archus, Greatstaff of Antonidas",4,284,10,"5,6,7,36,45"
50732,2,"Bloodsurge, Kel'Thuzad's Blade of Agony",4,284,7,"5,7,32,36,45"
50733,2,"Fal'inrush, Defender of Quel'thalas",4,284,18,"3,7,32,38,44"
50734,2,"Royal Scepter of Terenas II",4,284,4,"5,7,32,36,45"
50735,2,"Oathbinder, Charge of the Ranger-General",4,284,6,"3,7,32,38,44"
50736,2,"Heaven's Fall, Kryss of a Thousand Lies",4,284,15,"3,7,32,36,38"
50737,2,"Havoc's Call, Blade of Lordaeron Kings",4,284,0,"3,7,32,36,38"
50738,2,"Mithrios, Bronzebeard's Legacy",4,284,4,"4,7,12,14,37"
50759,2,"Bone Warden's Splitter",4,251,0,"3,7,36,38,44"
50760,2,"Bonebreaker Scepter",4,251,4,"4,7,12,13,31"
50761,2,"Citadel Enforcer's Claymore",4,251,8,"4,7,31,32"
50762,4,"Linked Scourge Vertebrae",4,251,3,"3,5,7,31,32,38"
50763,4,"Marrowgar's Scratching Choker",4,251,0,"4,7,12,13,14"
50764,4,"Shawl of Nerubian Silk",4,251,1,"3,7,31,37,38"
50765,4,"Crimson Acolyte Hood",4,251,1,"5,6,7,32,45"
50766,4,"Crimson Acolyte Gloves",4,251,1,"5,6,7,36,45"
50767,4,"Crimson Acolyte Shoulderpads",4,251,1,"5,6,7,32,45"
50768,4,"Crimson Acolyte Robe",4,251,1,"5,6,7,32,45"
50769,4,"Crimson Acolyte Leggings",4,251,1,"5,6,7,36,45"
50771,2,"Frost Needle",4,251,7,"5,7,31,36,45"
50772,4,"Ancient Skeletal Boots",4,251,4,"5,7,32,43,45"
50773,4,"Cord of the Patronizing Practitioner",4,251,1,"5,6,7,36,45"
50774,4,"Coldwraith Bracers",4,251,3,"5,7,36,43,45"
50775,4,"Corrupted Silverplate Leggings",4,251,4,"5,7,32,36,45"
50776,2,"Njorndar Bone Bow",4,251,2,"3,7,31,32,38"
50777,4,"Handgrips of Frost and Sleet",4,251,3,"3,5,7,31,38,44"
50778,4,"Soulthief's Braided Belt",4,251,2,"3,7,31,32,38"
50779,4,"Deathspeaker Zealot's Helm",4,251,4,"4,7,32,36"
50780,4,"Chestguard of the Frigid Noose",4,251,2,"3,7,36,38,44"
50781,4,"Scourgelord's Baton",4,251,0,"5,7,31,32,45"
50782,4,"Sister's Handshrouds",4,251,1,"5,7,31,36,45"
50783,4,"Boots of the Frozen Seed",4,251,2,"5,7,32,36,45"
50784,4,"Deathspeaker Disciple's Belt",4,251,3,"5,7,36,43,45"
50785,4,"Bracers of Dark Blessings",4,251,1,"5,6,7,32,45"
50786,4,"Ghoul Commander's Cuirass",4,251,4,"4,7,12,13,14"
50787,2,"Frost Giant's Cleaver",4,251,0,"3,7,32,38,44"
50788,4,"Bone Drake's Enameled Boots",4,251,4,"4,7,37,44"
50789,4,"Icecrown Rampart Bracers",4,251,3,"3,5,7,31,32,38"
50790,4,"Abomination's Bloody Ring",4,251,0,"4,7,12,13,31"
50791,4,"Saronite Gargoyle Cloak",4,251,1,"4,7,32,36"
50792,4,"Pauldrons of Lost Hope",4,251,3,"3,5,7,36,38,44"
50793,2,"Midnight Sun",4,251,15,"5,7,36,43,45"
50794,4,"Neverending Winter",4,251,6,"4,7,12,14,15"
50795,4,"Cord of Dark Suffering",4,251,2,"5,6,7,32,45"
50796,4,"Bracers of Pale Illumination",4,251,4,"5,7,36,43,45"
50797,4,"Ice-Reinforced Vrykul Helm",4,251,3,"5,7,36,43,45"
50798,2,"Ramaladni's Blade of Culling",4,251,1,"4,7,37,44"
50799,4,"Scourge Stranglers",4,251,2,"3,7,32,38,44"
50800,4,"Hauberk of a Thousand Cuts",4,251,3,"3,5,7,31,32,38"
50801,4,"Blade-Scored Carapace",4,251,4,"4,7,32,36"
50802,4,"Gargoyle Spit Bracers",4,251,4,"4,7,12,13"
50803,4,"Saurfang's Cold-Forged Band",4,251,0,"3,7,36,38,44"
50804,4,"Icecrown Spire Sandals",4,251,1,"5,7,31,32,45"
50805,2,"Mag'hari Chieftain's Staff",4,251,10,"5,6,7,36,45"
50806,4,"Leggings of Unrelenting Blood",4,251,2,"5,6,7,36,45"
50807,4,"Thaumaturge's Crackling Cowl",4,251,1,"5,6,7,36,45"
50808,4,"Deathforged Legplates",4,251,4,"4,7,12,13,37"
50809,4,"Soulcleave Pendant",4,251,0,"5,7,32,36,45"
50810,2,Gutbuster,4,251,4,"3,7,31,32,38"
50811,4,"Festering Fingerguards",4,251,4,"4,7,31,37"
50812,4,"Taldron's Long Neglected Boots",4,251,3,"3,5,7,32,38,44"
50819,4,"Lasherweave Mantle",4,251,2,"5,7,32,36,45"
50820,4,"Lasherweave Trousers",4,251,2,"5,7,31,32,45"
50821,4,"Lasherweave Cover",4,251,2,"5,7,32,36,45"
50822,4,"Lasherweave Gloves",4,251,2,"5,7,31,32,45"
50823,4,"Lasherweave Vestment",4,251,2,"5,7,32,36,45"
50824,4,"Lasherweave Shoulderpads",4,251,2,"3,7,32,38,44"
50825,4,"Lasherweave Legguards",4,251,2,"3,7,37,38,44"
50826,4,"Lasherweave Headguard",4,251,2,"3,7,32,38,44"
50827,4,"Lasherweave Handgrips",4,251,2,"3,7,36,38,44"
50828,4,"Lasherweave Raiment",4,251,2,"3,7,32,38,44"
50830,4,"Frost Witch's Chestguard",4,251,3,"3,5,7,32,36,38"
50831,4,"Frost Witch's Grips",4,251,3,"3,5,7,31,32,38"
50832,4,"Frost Witch's Faceguard",4,251,3,"3,5,7,32,36,38"
50833,4,"Frost Witch's War-Kilt",4,251,3,"3,5,7,31,32,38"
50834,4,"Frost Witch's Shoulderguards",4,251,3,"3,5,7,32,36,38"
50835,4,"Frost Witch's Tunic",4,251,3,"5,7,32,36,45"
50836,4,"Frost Witch's Handguards",4,251,3,"5,7,32,43,45"
50837,4,"Frost Witch's Headpiece",4,251,3,"5,7,32,36,45"
50838,4,"Frost Witch's Legguards",4,251,3,"5,7,32,43,45"
50839,4,"Frost Witch's Spaulders",4,251,3,"5,7,32,36,45"
50841,4,"Frost Witch's Hauberk",4,251,3,"5,7,32,36,45"
50842,4,"Frost Witch's Gloves",4,251,3,"5,7,31,32,45"
50843,4,"Frost Witch's Helm",4,251,3,"5,7,32,36,45"
50844,4,"Frost Witch's Kilt",4,251,3,"5,7,31,32,45"
50845,4,"Frost Witch's Shoulderpads",4,251,3,"5,7,32,36,45"
50846,4,"Ymirjar Lord's Pauldrons",4,251,4,"4,7,12,13,14"
50847,4,"Ymirjar Lord's Legguards",4,251,4,"4,7,12,13,37"
50848,4,"Ymirjar Lord's Greathelm",4,251,4,"4,7,12,13,14"
50849,4,"Ymirjar Lord's Handguards",4,251,4,"4,7,12,31"
50850,4,"Ymirjar Lord's Breastplate",4,251,4,"4,7,13,14"
50852,4,"Precious's Putrid Collar",4,251,0,"3,7,31,36,38"
50853,4,"Scourgelord Pauldrons",4,251,4,"4,7,12,13,14"
50854,4,"Scourgelord Legguards",4,251,4,"4,7,12,13,37"
50855,4,"Scourgelord Faceguard",4,251,4,"4,7,12,13,14"
50856,4,"Scourgelord Handguards",4,251,4,"4,7,12,31"
50857,4,"Scourgelord Chestguard",4,251,4,"4,7,13,14"
50858,4,"Plague-Soaked Leather Leggings",4,251,2,"3,7,32,36,38"
50859,4,"Cloak of Many Skins",4,251,1,"4,7,12,13,14"
50860,4,"Lightsworn Shoulderguards",4,251,4,"4,7,12,13,14"
50861,4,"Lightsworn Legguards",4,251,4,"4,7,12,13,37"
50862,4,"Lightsworn Faceguard",4,251,4,"4,7,12,13,14"
50863,4,"Lightsworn Handguards",4,251,4,"4,7,12,31"
50864,4,"Lightsworn Chestguard",4,251,4,"4,7,13,14"
50865,4,"Lightsworn Spaulders",4,251,4,"5,7,32,36,45"
50866,4,"Lightsworn Greaves",4,251,4,"5,7,32,43,45"
50867,4,"Lightsworn Headpiece",4,251,4,"5,7,32,36,45"
50868,4,"Lightsworn Gloves",4,251,4,"5,7,32,43,45"
50869,4,"Lightsworn Tunic",4,251,4,"5,7,32,36,45"
50965,4,"Castle Breaker's Battleplate",4,264,4,"4,7,32,44"
50966,2,Abracadaver,4,251,10,"5,7,31,36,45"
50967,4,"Festergut's Gaseous Gloves",4,251,4,"5,7,32,43,45"
50968,4,"Cataclysmic Chestguard",4,264,4,"4,7,12,37"
50969,4,"Chestplate of Unspoken Truths",4,264,4,"5,7,32,43,45"
50970,4,"Longstrider's Vest",4,264,3,"3,5,7,32,38,44"
50971,4,"Mail of the Geyser",4,264,3,"5,7,32,43,45"
50972,4,"Shadow Seeker's Tunic",4,264,2,"3,7,32,37,38"
50973,4,"Vestments of Spruce and Fir",4,264,2,"5,6,7,36,45"
50974,4,"Meteor Chaser's Raiment",4,264,1,"5,7,32,36,45"
50975,4,"Ermine Coronation Robes",4,264,1,"5,6,7,32,45"
50976,4,"Gauntlets of Overexposure",4,264,4,"5,7,32,36,45"
50977,4,"Gatecrasher's Gauntlets",4,264,4,"4,7,32,44"
50978,4,"Gauntlets of the Kraken",4,264,4,"4,7,12,14"
50979,4,Logsplitters,4,264,3,"3,5,7,32,38,44"
50980,4,"Blizzard Keeper's Mitts",4,264,3,"5,7,32,36,45"
50981,4,"Gloves of the Great Horned Owl",4,264,2,"5,7,32,36,45"
50982,4,"Cat Burglar's Grips",4,264,2,"3,7,32,38,44"
50983,4,"Gloves of False Gestures",4,264,1,"5,7,32,36,45"
50984,4,"Gloves of Ambivalence",4,264,1,"5,6,7,32,45"
50985,4,"Wrists of Septic Shock",4,251,2,"5,6,7,32,45"
50986,4,"Signet of Putrefaction",4,251,0,"5,7,36,43,45"
50987,4,"Malevolent Girdle",4,264,4,"4,7,31,32"
50988,4,"Bloodstained Surgeon's Shoulderguards",4,251,1,"5,6,7,32,45"
50989,4,"Lich Killer's Lanyard",4,264,4,"5,7,32,36,45"
50990,4,"Kilt of Untreated Wounds",4,251,1,"5,7,32,36,45"
50991,4,"Verdigris Chain Belt",4,264,4,"4,7,12,14"
50992,4,"Waistband of Despair",4,264,3,"5,7,32,36,45"
50993,4,"Band of the Night Raven",4,264,3,"3,5,7,31,32,38"
50994,4,"Belt of Petrified Ivy",4,264,2,"5,7,32,36,45"
50995,4,"Vengeful Noose",4,264,2,"3,7,36,38,44"
50996,4,"Belt of Omission",4,264,1,"5,7,31,32,45"
50997,4,"Circle of Ossus",4,264,1,"5,6,7,36,45"
50998,2,"Shaft of Glacial Ice",4,251,10,"3,7,31,32,38"
50999,2,"Gluth's Fetching Knife",4,251,16,"3,7,31,32,38"
51000,4,"Flesh-Shaper's Gurney Strap",4,251,4,"4,7,31,44"
51001,4,"Rotface's Rupturing Ring",4,251,0,"4,7,37,44"
51002,4,"Taldron's Short-Sighted Helm",4,251,3,"3,5,7,32,38,44"
51003,2,"Abomination Knuckles",4,251,13,"3,7,36,38,44"
51004,2,Lockjaw,4,251,4,"5,7,36,43,45"
51005,4,"Gloves of Broken Fingers",4,251,1,"5,6,7,36,45"
51006,4,"Shuffling Shoes",4,251,3,"5,7,36,43,45"
51007,4,"Ether-Soaked Bracers",4,251,1,"5,7,31,36,45"
51008,4,"Choker of Filthy Diamonds",4,251,0,"5,7,36,43,45"
51009,4,"Chestguard of the Failed Experiment",4,251,2,"5,6,7,32,45"
51010,2,"The Facelifter",4,251,7,"4,7,12,14,37"
51011,2,"Flesh-Carving Scalpel",4,251,15,"3,7,36,38,44"
51012,4,"Infected Choker",4,251,0,"4,7,32,37"
51013,4,"Discarded Bag of Entrails",4,251,2,"3,7,36,38,44"
51014,4,"Scalpel-Sharpening Shoulderguards",4,251,4,"4,7,31,44"
51015,4,"Shoulderpads of the Morbid Ritual",4,251,3,"3,5,7,31,32,38"
51016,4,"Pendant of Split Veins",4,251,0,"5,7,31,32,45"
51017,4,"Cauterized Cord",4,251,1,"5,7,32,36,45"
51018,4,"Chestplate of Septic Stitches",4,251,4,"5,7,32,43,45"
51019,4,"Rippling Flesh Kilt",4,251,3,"5,7,32,36,45"
51020,4,"Shoulders of Ruinous Senility",4,251,1,"5,7,31,36,45"
51021,2,Soulbreaker,4,251,7,"3,7,32,36,38"
51022,2,"Hersir's Greatspear",4,251,6,"3,7,31,38,44"
51023,4,"Taldaram's Soft Slippers",4,251,2,"3,7,32,38,44"
51024,4,"Thrice Fanged Signet",4,251,0,"4,7,32,36"
51025,4,"Battle-Maiden's Legguards",4,251,4,"4,7,36,37"
51125,4,"Sanctified Scourgelord Shoulderplates",4,264,4,"4,7,32,44"
51126,4,"Sanctified Scourgelord Legplates",4,264,4,"4,7,32,37"
51127,4,"Sanctified Scourgelord Helmet",4,264,4,"4,7,32,44"
51128,4,"Sanctified Scourgelord Gauntlets",4,264,4,"4,7,31,32"
51129,4,"Sanctified Scourgelord Battleplate",4,264,4,"4,7,32,44"
51130,4,"Sanctified Scourgelord Pauldrons",4,264,4,"4,7,12,13,14"
51131,4,"Sanctified Scourgelord Legguards",4,264,4,"4,7,12,13,37"
51132,4,"Sanctified Scourgelord Handguards",4,264,4,"4,7,12,31"
51133,4,"Sanctified Scourgelord Faceguard",4,264,4,"4,7,12,13,14"
51134,4,"Sanctified Scourgelord Chestguard",4,264,4,"4,7,13,14"
51135,4,"Sanctified Lasherweave Pauldrons",4,264,2,"5,6,7,32,45"
51136,4,"Sanctified Lasherweave Legplates",4,264,2,"5,6,7,36,45"
51137,4,"Sanctified Lasherweave Helmet",4,264,2,"5,6,7,32,45"
51138,4,"Sanctified Lasherweave Gauntlets",4,264,2,"5,6,7,36,45"
51139,4,"Sanctified Lasherweave Robes",4,264,2,"5,6,7,32,45"
51140,4,"Sanctified Lasherweave Shoulderpads",4,264,2,"3,7,32,38,44"
51141,4,"Sanctified Lasherweave Raiment",4,264,2,"3,7,32,38,44"
51142,4,"Sanctified Lasherweave Legguards",4,264,2,"3,7,37,38,44"
51143,4,"Sanctified Lasherweave Headguard",4,264,2,"3,7,32,38,44"
51144,4,"Sanctified Lasherweave Handgrips",4,264,2,"3,7,36,38,44"
51145,4,"Sanctified Lasherweave Vestment",4,264,2,"5,7,32,36,45"
51146,4,"Sanctified Lasherweave Trousers",4,264,2,"5,7,31,32,45"
51147,4,"Sanctified Lasherweave Mantle",4,264,2,"5,7,32,36,45"
51148,4,"Sanctified Lasherweave Gloves",4,264,2,"5,7,31,32,45"
51149,4,"Sanctified Lasherweave Cover",4,264,2,"5,7,32,36,45"
51150,4,"Sanctified Ahn'Kahar Blood Hunter's Tunic",4,264,3,"3,5,7,32,38,44"
51151,4,"Sanctified Ahn'Kahar Blood Hunter's Spaulders",4,264,3,"3,5,7,32,38,44"
51152,4,"Sanctified Ahn'Kahar Blood Hunter's Legguards",4,264,3,"3,5,7,32,36,38"
51153,4,"Sanctified Ahn'Kahar Blood Hunter's Headpiece",4,264,3,"3,5,7,32,38,44"
51154,4,"Sanctified Ahn'Kahar Blood Hunter's Handguards",4,264,3,"3,5,7,31,32,38"
51155,4,"Sanctified Bloodmage Shoulderpads",4,264,1,"5,7,32,36,45"
51156,4,"Sanctified Bloodmage Robe",4,264,1,"5,7,32,36,45"
51157,4,"Sanctified Bloodmage Leggings",4,264,1,"5,7,31,32,45"
51158,4,"Sanctified Bloodmage Hood",4,264,1,"5,7,32,36,45"
51159,4,"Sanctified Bloodmage Gloves",4,264,1,"5,7,31,32,45"
51160,4,"Sanctified Lightsworn Shoulderplates",4,264,4,"4,7,32,36"
51161,4,"Sanctified Lightsworn Legplates",4,264,4,"4,7,32,37"
51162,4,"Sanctified Lightsworn Helmet",4,264,4,"4,7,32,36"
51163,4,"Sanctified Lightsworn Gauntlets",4,264,4,"4,7,31,32"
51164,4,"Sanctified Lightsworn Battleplate",4,264,4,"4,7,32,36"
51165,4,"Sanctified Lightsworn Tunic",4,264,4,"5,7,32,36,45"
51166,4,"Sanctified Lightsworn Spaulders",4,264,4,"5,7,32,36,45"
51167,4,"Sanctified Lightsworn Headpiece",4,264,4,"5,7,32,36,45"
51168,4,"Sanctified Lightsworn Greaves",4,264,4,"5,7,32,43,45"
51169,4,"Sanctified Lightsworn Gloves",4,264,4,"5,7,32,43,45"
51170,4,"Sanctified Lightsworn Shoulderguards",4,264,4,"4,7,12,13,14"
51171,4,"Sanctified Lightsworn Legguards",4,264,4,"4,7,12,13,37"
51172,4,"Sanctified Lightsworn Handguards",4,264,4,"4,7,12,31"
51173,4,"Sanctified Lightsworn Faceguard",4,264,4,"4,7,12,13,14"
51174,4,"Sanctified Lightsworn Chestguard",4,264,4,"4,7,13,14"
51175,4,"Sanctified Crimson Acolyte Shoulderpads",4,264,1,"5,6,7,32,45"
51176,4,"Sanctified Crimson Acolyte Robe",4,264,1,"5,6,7,32,45"
51177,4,"Sanctified Crimson Acolyte Leggings",4,264,1,"5,6,7,36,45"
51178,4,"Sanctified Crimson Acolyte Hood",4,264,1,"5,6,7,32,45"
51179,4,"Sanctified Crimson Acolyte Gloves",4,264,1,"5,6,7,36,45"
51180,4,"Sanctified Crimson Acolyte Raiments",4,264,1,"5,7,32,36,45"
51181,4,"Sanctified Crimson Acolyte Pants",4,264,1,"5,7,31,32,45"
51182,4,"Sanctified Crimson Acolyte Mantle",4,264,1,"5,7,32,36,45"
51183,4,"Sanctified Crimson Acolyte Handwraps",4,264,1,"5,7,31,32,45"
51184,4,"Sanctified Crimson Acolyte Cowl",4,264,1,"5,7,32,36,45"
51185,4,"Sanctified Shadowblade Pauldrons",4,264,2,"3,7,31,32,38"
51186,4,"Sanctified Shadowblade Legplates",4,264,2,"3,7,32,37,38"
51187,4,"Sanctified Shadowblade Helmet",4,264,2,"3,7,32,38,44"
51188,4,"Sanctified Shadowblade Gauntlets",4,264,2,"3,7,32,36,38"
51189,4,"Sanctified Shadowblade Breastplate",4,264,2,"3,7,32,38,44"
51190,4,"Sanctified Frost Witch's Tunic",4,264,3,"5,7,32,36,45"
51191,4,"Sanctified Frost Witch's Handguards",4,264,3,"5,7,32,43,45"
51192,4,"Sanctified Frost Witch's Headpiece",4,264,3,"5,7,32,36,45"
51193,4,"Sanctified Frost Witch's Legguards",4,264,3,"5,7,32,43,45"
51194,4,"Sanctified Frost Witch's Spaulders",4,264,3,"5,7,32,36,45"
51195,4,"Sanctified Frost Witch's Chestguard",4,264,3,"3,5,7,32,36,38"
51196,4,"Sanctified Frost Witch's Grips",4,264,3,"3,5,7,31,32,38"
51197,4,"Sanctified Frost Witch's Faceguard",4,264,3,"3,5,7,32,36,38"
51198,4,"Sanctified Frost Witch's War-Kilt",4,264,3,"3,5,7,31,32,38"
51199,4,"Sanctified Frost Witch's Shoulderguards",4,264,3,"3,5,7,32,36,38"
51200,4,"Sanctified Frost Witch's Hauberk",4,264,3,"5,7,32,36,45"
51201,4,"Sanctified Frost Witch's Gloves",4,264,3,"5,7,31,32,45"
51202,4,"Sanctified Frost Witch's Helm",4,264,3,"5,7,32,36,45"
51203,4,"Sanctified Frost Witch's Kilt",4,264,3,"5,7,31,32,45"
51204,4,"Sanctified Frost Witch's Shoulderpads",4,264,3,"5,7,32,36,45"
51205,4,"Sanctified Dark Coven Shoulderpads",4,264,1,"5,7,32,36,45"
51206,4,"Sanctified Dark Coven Robe",4,264,1,"5,7,32,36,45"
51207,4,"Sanctified Dark Coven Leggings",4,264,1,"5,7,31,32,45"
51208,4,"Sanctified Dark Coven Hood",4,264,1,"5,7,32,36,45"
51209,4,"Sanctified Dark Coven Gloves",4,264,1,"5,7,31,32,45"
51210,4,"Sanctified Ymirjar Lord's Shoulderplates",4,264,4,"4,7,32,44"
51211,4,"Sanctified Ymirjar Lord's Legplates",4,264,4,"4,7,32,37"
51212,4,"Sanctified Ymirjar Lord's Helmet",4,264,4,"4,7,32,44"
51213,4,"Sanctified Ymirjar Lord's Gauntlets",4,264,4,"4,7,31,32"
51214,4,"Sanctified Ymirjar Lord's Battleplate",4,264,4,"4,7,32,44"
51215,4,"Sanctified Ymirjar Lord's Pauldrons",4,264,4,"4,7,12,13,14"
51216,4,"Sanctified Ymirjar Lord's Legguards",4,264,4,"4,7,12,13,37"
51217,4,"Sanctified Ymirjar Lord's Handguards",4,264,4,"4,7,12,31"
51218,4,"Sanctified Ymirjar Lord's Greathelm",4,264,4,"4,7,12,13,14"
51219,4,"Sanctified Ymirjar Lord's Breastplate",4,264,4,"4,7,13,14"
51220,4,"Sanctified Ymirjar Lord's Breastplate",4,277,4,"4,7,13,14"
51221,4,"Sanctified Ymirjar Lord's Greathelm",4,277,4,"4,7,12,13,14"
51222,4,"Sanctified Ymirjar Lord's Handguards",4,277,4,"4,7,12,31"
51223,4,"Sanctified Ymirjar Lord's Legguards",4,277,4,"4,7,12,13,37"
51224,4,"Sanctified Ymirjar Lord's Pauldrons",4,277,4,"4,7,12,13,14"
51225,4,"Sanctified Ymirjar Lord's Battleplate",4,277,4,"4,7,32,44"
51226,4,"Sanctified Ymirjar Lord's Gauntlets",4,277,4,"4,7,31,32"
51227,4,"Sanctified Ymirjar Lord's Helmet",4,277,4,"4,7,32,44"
51228,4,"Sanctified Ymirjar Lord's Legplates",4,277,4,"4,7,32,37"
51229,4,"Sanctified Ymirjar Lord's Shoulderplates",4,277,4,"4,7,32,44"
51230,4,"Sanctified Dark Coven Gloves",4,277,1,"5,7,31,32,45"
51231,4,"Sanctified Dark Coven Hood",4,277,1,"5,7,32,36,45"
51232,4,"Sanctified Dark Coven Leggings",4,277,1,"5,7,31,32,45"
51233,4,"Sanctified Dark Coven Robe",4,277,1,"5,7,32,36,45"
51234,4,"Sanctified Dark Coven Shoulderpads",4,277,1,"5,7,32,36,45"
51235,4,"Sanctified Frost Witch's Shoulderpads",4,277,3,"5,7,32,36,45"
51236,4,"Sanctified Frost Witch's Kilt",4,277,3,"5,7,31,32,45"
51237,4,"Sanctified Frost Witch's Helm",4,277,3,"5,7,32,36,45"
51238,4,"Sanctified Frost Witch's Gloves",4,277,3,"5,7,31,32,45"
51239,4,"Sanctified Frost Witch's Hauberk",4,277,3,"5,7,32,36,45"
51240,4,"Sanctified Frost Witch's Shoulderguards",4,277,3,"3,5,7,32,36,38"
51241,4,"Sanctified Frost Witch's War-Kilt",4,277,3,"3,5,7,31,32,38"
51242,4,"Sanctified Frost Witch's Faceguard",4,277,3,"3,5,7,32,36,38"
51243,4,"Sanctified Frost Witch's Grips",4,277,3,"3,5,7,31,32,38"
51244,4,"Sanctified Frost Witch's Chestguard",4,277,3,"3,5,7,32,36,38"
51245,4,"Sanctified Frost Witch's Spaulders",4,277,3,"5,7,32,36,45"
51246,4,"Sanctified Frost Witch's Legguards",4,277,3,"5,7,32,43,45"
51247,4,"Sanctified Frost Witch's Headpiece",4,277,3,"5,7,32,36,45"
51248,4,"Sanctified Frost Witch's Handguards",4,277,3,"5,7,32,43,45"
51249,4,"Sanctified Frost Witch's Tunic",4,277,3,"5,7,32,36,45"
51250,4,"Sanctified Shadowblade Breastplate",4,277,2,"3,7,32,38,44"
51251,4,"Sanctified Shadowblade Gauntlets",4,277,2,"3,7,32,36,38"
51252,4,"Sanctified Shadowblade Helmet",4,277,2,"3,7,32,38,44"
51253,4,"Sanctified Shadowblade Legplates",4,277,2,"3,7,32,37,38"
51254,4,"Sanctified Shadowblade Pauldrons",4,277,2,"3,7,31,32,38"
51255,4,"Sanctified Crimson Acolyte Cowl",4,277,1,"5,7,32,36,45"
51256,4,"Sanctified Crimson Acolyte Handwraps",4,277,1,"5,7,31,32,45"
51257,4,"Sanctified Crimson Acolyte Mantle",4,277,1,"5,7,32,36,45"
51258,4,"Sanctified Crimson Acolyte Pants",4,277,1,"5,7,31,32,45"
51259,4,"Sanctified Crimson Acolyte Raiments",4,277,1,"5,7,32,36,45"
51260,4,"Sanctified Crimson Acolyte Gloves",4,277,1,"5,6,7,36,45"
51261,4,"Sanctified Crimson Acolyte Hood",4,277,1,"5,6,7,32,45"
51262,4,"Sanctified Crimson Acolyte Leggings",4,277,1,"5,6,7,36,45"
51263,4,"Sanctified Crimson Acolyte Robe",4,277,1,"5,6,7,32,45"
51264,4,"Sanctified Crimson Acolyte Shoulderpads",4,277,1,"5,6,7,32,45"
51265,4,"Sanctified Lightsworn Chestguard",4,277,4,"4,7,13,14"
51266,4,"Sanctified Lightsworn Faceguard",4,277,4,"4,7,12,13,14"
51267,4,"Sanctified Lightsworn Handguards",4,277,4,"4,7,12,31"
51268,4,"Sanctified Lightsworn Legguards",4,277,4,"4,7,12,13,37"
51269,4,"Sanctified Lightsworn Shoulderguards",4,277,4,"4,7,12,13,14"
51270,4,"Sanctified Lightsworn Gloves",4,277,4,"5,7,32,43,45"
51271,4,"Sanctified Lightsworn Greaves",4,277,4,"5,7,32,43,45"
51272,4,"Sanctified Lightsworn Headpiece",4,277,4,"5,7,32,36,45"
51273,4,"Sanctified Lightsworn Spaulders",4,277,4,"5,7,32,36,45"
51274,4,"Sanctified Lightsworn Tunic",4,277,4,"5,7,32,36,45"
51275,4,"Sanctified Lightsworn Battleplate",4,277,4,"4,7,32,36"
51276,4,"Sanctified Lightsworn Gauntlets",4,277,4,"4,7,31,32"
51277,4,"Sanctified Lightsworn Helmet",4,277,4,"4,7,32,36"
51278,4,"Sanctified Lightsworn Legplates",4,277,4,"4,7,32,37"
51279,4,"Sanctified Lightsworn Shoulderplates",4,277,4,"4,7,32,36"
51280,4,"Sanctified Bloodmage Gloves",4,277,1,"5,7,31,32,45"
51281,4,"Sanctified Bloodmage Hood",4,277,1,"5,7,32,36,45"
51282,4,"Sanctified Bloodmage Leggings",4,277,1,"5,7,31,32,45"
51283,4,"Sanctified Bloodmage Robe",4,277,1,"5,7,32,36,45"
51284,4,"Sanctified Bloodmage Shoulderpads",4,277,1,"5,7,32,36,45"
51285,4,"Sanctified Ahn'Kahar Blood Hunter's Handguards",4,277,3,"3,5,7,31,32,38"
51286,4,"Sanctified Ahn'Kahar Blood Hunter's Headpiece",4,277,3,"3,5,7,32,38,44"
51287,4,"Sanctified Ahn'Kahar Blood Hunter's Legguards",4,277,3,"3,5,7,32,36,38"
51288,4,"Sanctified Ahn'Kahar Blood Hunter's Spaulders",4,277,3,"3,5,7,32,38,44"
51289,4,"Sanctified Ahn'Kahar Blood Hunter's Tunic",4,277,3,"3,5,7,32,38,44"
51290,4,"Sanctified Lasherweave Cover",4,277,2,"5,7,32,36,45"
51291,4,"Sanctified Lasherweave Gloves",4,277,2,"5,7,31,32,45"
51292,4,"Sanctified Lasherweave Mantle",4,277,2,"5,7,32,36,45"
51293,4,"Sanctified Lasherweave Trousers",4,277,2,"5,7,31,32,45"
51294,4,"Sanctified Lasherweave Vestment",4,277,2,"5,7,32,36,45"
51295,4,"Sanctified Lasherweave Handgrips",4,277,2,"3,7,36,38,44"
51296,4,"Sanctified Lasherweave Headguard",4,277,2,"3,7,32,38,44"
51297,4,"Sanctified Lasherweave Legguards",4,277,2,"3,7,37,38,44"
51298,4,"Sanctified Lasherweave Raiment",4,277,2,"3,7,32,38,44"
51299,4,"Sanctified Lasherweave Shoulderpads",4,277,2,"3,7,32,38,44"
51300,4,"Sanctified Lasherweave Robes",4,277,2,"5,6,7,32,45"
51301,4,"Sanctified Lasherweave Gauntlets",4,277,2,"5,6,7,36,45"
51302,4,"Sanctified Lasherweave Helmet",4,277,2,"5,6,7,32,45"
51303,4,"Sanctified Lasherweave Legplates",4,277,2,"5,6,7,36,45"
51304,4,"Sanctified Lasherweave Pauldrons",4,277,2,"5,6,7,32,45"
51305,4,"Sanctified Scourgelord Chestguard",4,277,4,"4,7,13,14"
51306,4,"Sanctified Scourgelord Faceguard",4,277,4,"4,7,12,13,14"
51307,4,"Sanctified Scourgelord Handguards",4,277,4,"4,7,12,31"
51308,4,"Sanctified Scourgelord Legguards",4,277,4,"4,7,12,13,37"
51309,4,"Sanctified Scourgelord Pauldrons",4,277,4,"4,7,12,13,14"
51310,4,"Sanctified Scourgelord Battleplate",4,277,4,"4,7,32,44"
51311,4,"Sanctified Scourgelord Gauntlets",4,277,4,"4,7,31,32"
51312,4,"Sanctified Scourgelord Helmet",4,277,4,"4,7,32,44"
51313,4,"Sanctified Scourgelord Legplates",4,277,4,"4,7,32,37"
51314,4,"Sanctified Scourgelord Shoulderplates",4,277,4,"4,7,32,44"
51325,4,"Blood-Drinker's Girdle",4,251,3,"3,5,7,36,38,44"
51326,2,"Wand of Ruby Claret",4,251,19,"5,7,31,36,45"
51379,4,"Bloodsoul Raiment",4,251,1,"5,6,7,36,45"
51380,4,"Pale Corpse Boots",4,251,1,"5,6,7,32,45"
51381,4,"Cerise Coiled Ring",4,251,0,"5,7,32,36,45"
51382,4,"Heartsick Mender's Cape",4,251,1,"5,7,36,43,45"
51383,4,"Spaulders of the Blood Princes",4,251,4,"4,7,12,14,31"
51384,2,Bloodsipper,4,251,15,"3,7,32,36,38"
51385,2,Stakethrower,4,251,3,"3,7,36,38,44"
51386,4,"Throatrender Handguards",4,251,4,"4,7,31,36"
51387,4,"Seal of the Twilight Queen",4,251,0,"3,7,32,36,38"
51548,4,"Collar of Haughty Disdain",4,251,0,"4,7,32,36"
51550,4,"Ivory-Inlaid Leggings",4,251,2,"3,7,32,38,44"
51551,4,"Chestguard of Siphoned Elements",4,251,3,"5,7,36,43,45"
51552,4,"Shoulderpads of the Searing Kiss",4,251,2,"5,6,7,36,45"
51553,2,"Lana'thel's Bloody Nail",4,251,19,"5,6,7,32,45"
51554,4,"Cowl of Malefic Repose",4,251,1,"5,7,32,36,45"
51555,4,"Tightening Waistband",4,251,4,"5,7,36,43,45"
51556,4,"Veincrusher Gauntlets",4,251,4,"4,7,12,13,37"
51557,4,"Runed Signet of the Kirin Tor",4,251,0,"5,7,32,36,45"
51558,4,"Runed Loop of the Kirin Tor",4,251,0,"5,6,7,43,45"
51559,4,"Runed Ring of the Kirin Tor",4,251,0,"4,7,32,37"
51560,4,"Runed Band of the Kirin Tor",4,251,0,"3,7,32,36,38"
51561,2,"Dreamhunter's Carbine",4,251,3,"4,7,12,15,48"
51562,2,Oxheart,4,251,5,"4,7,32,37"
51563,4,"Taiga Bindings",4,251,4,"4,7,32,36"
51564,4,"Ironrope Belt of Ymirjar",4,251,4,"4,7,12,14,31"
51565,4,"Skinned Whelp Shoulders",4,251,2,"3,7,32,38,44"
51566,4,"Legguards of the Twisted Dream",4,251,3,"3,5,7,31,32,38"
51582,2,"Sister Svalna's Aether Staff",4,251,10,"5,7,31,32,45"
51583,4,"Stormbringer Gloves",4,251,3,"5,7,32,36,45"
51584,4,"Lich Wrappings",4,251,1,"5,7,31,36,45"
51585,4,"Sister Svalna's Spangenhelm",4,251,2,"5,6,7,32,45"
51586,4,"Emerald Saint's Spaulders",4,251,4,"5,7,32,43,45"
51682,4,"Scourgelord Shoulderplates",4,251,4,"4,7,32,36"
51683,4,"Scourgelord Legplates",4,251,4,"4,7,32,37"
51684,4,"Scourgelord Helmet",4,251,4,"4,7,32,36"
51685,4,"Scourgelord Gauntlets",4,251,4,"4,7,31,32"
51686,4,"Scourgelord Battleplate",4,251,4,"4,7,32,36"
51687,4,"Scourgelord Chestguard",4,251,4,"4,7,13,14"
51688,4,"Scourgelord Handguards",4,251,4,"4,7,13,31"
51689,4,"Scourgelord Faceguard",4,251,4,"4,7,13,14"
51690,4,"Scourgelord Legguards",4,251,4,"4,7,13,37"
51691,4,"Scourgelord Pauldrons",4,251,4,"4,7,13,14"
51692,4,"Lasherweave Pauldrons",4,251,2,"5,6,7,32"
51693,4,"Lasherweave Legplates",4,251,2,"5,6,7,36"
51694,4,"Lasherweave Helmet",4,251,2,"5,6,7,32"
51695,4,"Lasherweave Gauntlets",4,251,2,"5,6,7,36"
51696,4,"Lasherweave Robes",4,251,2,"5,6,7,32"
51697,4,"Lasherweave Raiment",4,251,2,"3,7,32,36"
51698,4,"Lasherweave Handgrips",4,251,2,"3,7,32,36"
51699,4,"Lasherweave Headguard",4,251,2,"3,7,32,36"
51700,4,"Lasherweave Legguards",4,251,2,"3,7,32,36"
51701,4,"Lasherweave Shoulderpads",4,251,2,"3,7,32,36"
51702,4,"Lasherweave Vestment",4,251,2,"5,7,32,36"
51703,4,"Lasherweave Gloves",4,251,2,"5,7,31,32"
51704,4,"Lasherweave Cover",4,251,2,"5,7,32,36"
51705,4,"Lasherweave Trousers",4,251,2,"5,7,31,32"
51706,4,"Lasherweave Mantle",4,251,2,"5,7,32,36"
51707,4,"Ahn'Kahar Blood Hunter's Tunic",4,251,3,"3,7,32,36"
51708,4,"Ahn'Kahar Blood Hunter's Spaulders",4,251,3,"3,7,32,36"
51709,4,"Ahn'Kahar Blood Hunter's Legguards",4,251,3,"3,7,32,36"
51710,4,"Ahn'Kahar Blood Hunter's Headpiece",4,251,3,"3,7,32,36"
51711,4,"Ahn'Kahar Blood Hunter's Handguards",4,251,3,"3,7,31,32"
51712,4,"Bloodmage Shoulderpads",4,251,1,"5,7,32,36"
51713,4,"Bloodmage Robe",4,251,1,"5,7,32,36"
51714,4,"Bloodmage Leggings",4,251,1,"5,7,31,32"
51715,4,"Bloodmage Hood",4,251,1,"5,7,32,36"
51716,4,"Bloodmage Gloves",4,251,1,"5,7,31,32"
51717,4,"Lightsworn Battleplate",4,251,4,"4,7,32,36"
51718,4,"Lightsworn Gauntlets",4,251,4,"4,7,31,32"
51719,4,"Lightsworn Helmet",4,251,4,"4,7,32,36"
51720,4,"Lightsworn Legplates",4,251,4,"4,7,32,37"
51721,4,"Lightsworn Shoulderplates",4,251,4,"4,7,32,36"
51722,4,"Lightsworn Tunic",4,251,4,"5,7,32,36"
51723,4,"Lightsworn Gloves",4,251,4,"5,6,7,32"
51724,4,"Lightsworn Headpiece",4,251,4,"5,7,32,36"
51725,4,"Lightsworn Greaves",4,251,4,"5,6,7,32"
51726,4,"Lightsworn Spaulders",4,251,4,"5,7,32,36"
51727,4,"Lightsworn Chestguard",4,251,4,"4,7,13,14"
51728,4,"Lightsworn Handguards",4,251,4,"4,7,13,31"
51729,4,"Lightsworn Faceguard",4,251,4,"4,7,13,14"
51730,4,"Lightsworn Legguards",4,251,4,"4,7,13,37"
51731,4,"Lightsworn Shoulderguards",4,251,4,"4,7,13,14"
51732,4,"Crimson Acolyte Leggings",4,251,1,"5,6,7,36"
51733,4,"Crimson Acolyte Robe",4,251,1,"5,6,7,32"
51734,4,"Crimson Acolyte Shoulderpads",4,251,1,"5,6,7,32"
51735,4,"Crimson Acolyte Gloves",4,251,1,"5,6,7,36"
51736,4,"Crimson Acolyte Hood",4,251,1,"5,6,7,32"
51737,4,"Crimson Acolyte Cowl",4,251,1,"5,7,32,36"
51738,4,"Crimson Acolyte Handwraps",4,251,1,"5,7,31,32"
51739,4,"Crimson Acolyte Mantle",4,251,1,"5,7,32,36"
51740,4,"Crimson Acolyte Raiments",4,251,1,"5,7,32,36"
51741,4,"Crimson Acolyte Pants",4,251,1,"5,7,31,32"
51742,4,"Shadowblade Gauntlets",4,251,2,"3,7,32,36"
51743,4,"Shadowblade Breastplate",4,251,2,"3,7,32,36"
51744,4,"Shadowblade Legplates",4,251,2,"3,7,32,37"
51745,4,"Shadowblade Helmet",4,251,2,"3,7,32,36"
51746,4,"Shadowblade Pauldrons",4,251,2,"3,7,31,32"
51747,4,"Frost Witch's Tunic",4,251,3,"5,7,32,36"
51748,4,"Frost Witch's Handguards",4,251,3,"5,6,7,32"
51749,4,"Frost Witch's Headpiece",4,251,3,"5,7,32,36"
51750,4,"Frost Witch's Legguards",4,251,3,"5,6,7,32"
51751,4,"Frost Witch's Spaulders",4,251,3,"5,7,32,36"
51752,4,"Frost Witch's Chestguard",4,251,3,"3,7,32,36"
51753,4,"Frost Witch's Grips",4,251,3,"3,7,31,32"
51754,4,"Frost Witch's Faceguard",4,251,3,"3,7,32,36"
51755,4,"Frost Witch's War-Kilt",4,251,3,"3,7,31,32"
51756,4,"Frost Witch's Shoulderguards",4,251,3,"3,7,32,36"
51757,4,"Frost Witch's Hauberk",4,251,3,"5,7,32,36"
51758,4,"Frost Witch's Gloves",4,251,3,"5,7,31,32"
51759,4,"Frost Witch's Helm",4,251,3,"5,7,32,36"
51760,4,"Frost Witch's Kilt",4,251,3,"5,7,31,32"
51761,4,"Frost Witch's Shoulderpads",4,251,3,"5,7,32,36,45"
51762,4,"Dark Coven Shoulderpads",4,251,1,"5,7,32,36"
51763,4,"Dark Coven Robe",4,251,1,"5,7,32,36"
51764,4,"Dark Coven Leggings",4,251,1,"5,7,31,32"
51765,4,"Dark Coven Hood",4,251,1,"5,7,32,36"
51766,4,"Dark Coven Gloves",4,251,1,"5,7,31,32"
51767,4,"Ymirjar Lord's Shoulderplates",4,251,4,"4,7,32,36"
51768,4,"Ymirjar Lord's Legplates",4,251,4,"4,7,32,37"
51769,4,"Ymirjar Lord's Helmet",4,251,4,"4,7,32,36"
51770,4,"Ymirjar Lord's Gauntlets",4,251,4,"4,7,31,32"
51771,4,"Ymirjar Lord's Battleplate",4,251,4,"4,7,32,36"
51772,4,"Ymirjar Lord's Breastplate",4,251,4,"4,7,13,14"
51773,4,"Ymirjar Lord's Handguards",4,251,4,"4,7,13,31"
51774,4,"Ymirjar Lord's Greathelm",4,251,4,"4,7,13,14"
51775,4,"Ymirjar Lord's Legguards",4,251,4,"4,7,13,37"
51776,4,"Ymirjar Lord's Pauldrons",4,251,4,"4,7,13,14"
51777,4,"Leggings of the Refracted Mind",4,251,1,"5,6,7,32,45"
51779,4,"Rimetooth Pendant",4,251,0,"3,7,32,38,44"
51782,4,"Etched Dragonbone Girdle",4,251,4,"4,7,32,37"
51783,4,"Vambraces of the Frost Wyrm Queen",4,251,2,"3,7,32,36,38"
51784,2,Splintershard,4,251,13,"3,7,36,38,44"
51785,4,"Wyrmwing Treads",4,251,3,"3,5,7,31,32,38"
51786,4,"Legplates of Aetheric Strife",4,251,4,"4,7,32,44"
51787,4,"Scourge Fanged Stompers",4,251,4,"4,7,12,13,31"
51788,2,"Bleak Coldarra Carver",4,251,15,"5,7,31,32,45"
51789,4,"Icicle Shapers",4,251,2,"5,6,7,36,45"
51790,4,"Robes of Azure Downfall",4,251,1,"5,7,32,36,45"
51791,4,"Lost Pavise of the Blue Flight",4,251,6,"5,7,36,43,45"
51792,4,"Shoulderguards of Crystalline Bone",4,251,3,"5,7,32,36,45"
51795,2,"Troggbane, Axe of the Frostborne King",4,258,0,"4,7,12,13,14"
51796,2,"Warmace of Menethil",4,258,5,"4,7,32,44"
51797,2,"Tainted Twig of Nordrassil",4,258,10,"3,7,32,38,44"
51798,2,"Valius, Gavel of the Lightbringer",4,258,4,"5,7,32,43,45"
51799,2,"Halion, Staff of Forgotten Love",4,258,10,"5,7,32,36,45"
51800,2,"Stormfury, Black Blade of the Betrayer",4,258,15,"3,7,32,37,38"
51801,2,"Pugius, Fist of Defiance",4,258,13,"3,7,32,36,38"
51802,2,"Windrunner's Heartseeker",4,258,18,"3,7,32,38,44"
51803,2,"Tel'thas, Dagger of the Blood King",4,258,15,"5,7,32,36,45"
51811,4,"Shoulderguards of Crystalline Bone",4,264,3,"5,7,32,36,45"
51812,4,"Lost Pavise of the Blue Flight",4,264,6,"5,7,36,43,45"
51813,4,"Robes of Azure Downfall",4,264,1,"5,7,32,36,45"
51814,4,"Icicle Shapers",4,264,2,"5,6,7,36,45"
51815,2,"Bleak Coldarra Carver",4,264,15,"5,7,31,32,45"
51816,4,"Scourge Fanged Stompers",4,264,4,"4,7,12,13,31"
51817,4,"Legplates of Aetheric Strife",4,264,4,"4,7,32,44"
51818,4,"Wyrmwing Treads",4,264,3,"3,5,7,31,32,38"
51819,2,Splintershard,4,264,13,"3,7,36,38,44"
51820,4,"Vambraces of the Frost Wyrm Queen",4,264,2,"3,7,32,36,38"
51821,4,"Etched Dragonbone Girdle",4,264,4,"4,7,32,37"
51822,4,"Rimetooth Pendant",4,264,0,"3,7,32,38,44"
51823,4,"Leggings of the Refracted Mind",4,264,1,"5,6,7,32,45"
51824,4,"Emerald Saint's Spaulders",4,264,4,"5,7,32,43,45"
51825,4,"Sister Svalna's Spangenhelm",4,264,2,"5,6,7,32,45"
51826,4,"Lich Wrappings",4,264,1,"5,7,31,36,45"
51827,4,"Stormbringer Gloves",4,264,3,"5,7,32,36,45"
51828,2,"Sister Svalna's Aether Staff",4,264,10,"5,7,31,32,45"
51829,4,"Legguards of the Twisted Dream",4,264,3,"3,5,7,31,32,38"
51830,4,"Skinned Whelp Shoulders",4,264,2,"3,7,32,38,44"
51831,4,"Ironrope Belt of Ymirjar",4,264,4,"4,7,12,14,31"
51832,4,"Taiga Bindings",4,264,4,"4,7,32,36"
51833,2,Oxheart,4,264,5,"4,7,32,37"
51834,2,"Dreamhunter's Carbine",4,264,3,"4,7,12,15,48"
51835,4,"Veincrusher Gauntlets",4,264,4,"4,7,12,13,37"
51836,4,"Tightening Waistband",4,264,4,"5,7,36,43,45"
51837,4,"Cowl of Malefic Repose",4,264,1,"5,7,32,36,45"
51838,2,"Lana'thel's Bloody Nail",4,264,19,"5,6,7,32,45"
51839,4,"Shoulderpads of the Searing Kiss",4,264,2,"5,6,7,36,45"
51840,4,"Chestguard of Siphoned Elements",4,264,3,"5,7,36,43,45"
51841,4,"Ivory-Inlaid Leggings",4,264,2,"3,7,32,38,44"
51842,4,"Collar of Haughty Disdain",4,264,0,"4,7,32,36"
51843,4,"Seal of the Twilight Queen",4,264,0,"3,7,32,36,38"
51844,4,"Throatrender Handguards",4,264,4,"4,7,31,36"
51845,2,Stakethrower,4,264,3,"3,7,36,38,44"
51846,2,Bloodsipper,4,264,15,"3,7,32,36,38"
51847,4,"Spaulders of the Blood Princes",4,264,4,"4,7,12,14,31"
51848,4,"Heartsick Mender's Cape",4,264,1,"5,7,36,43,45"
51849,4,"Cerise Coiled Ring",4,264,0,"5,7,32,36,45"
51850,4,"Pale Corpse Boots",4,264,1,"5,6,7,32,45"
51851,4,"Bloodsoul Raiment",4,264,1,"5,6,7,36,45"
51852,2,"Wand of Ruby Claret",4,264,19,"5,7,31,36,45"
51853,4,"Blood-Drinker's Girdle",4,264,3,"3,5,7,36,38,44"
51854,4,"Battle-Maiden's Legguards",4,264,4,"4,7,36,37"
51855,4,"Thrice Fanged Signet",4,264,0,"4,7,32,36"
51856,4,"Taldaram's Soft Slippers",4,264,2,"3,7,32,38,44"
51857,2,"Hersir's Greatspear",4,264,6,"3,7,31,38,44"
51858,2,Soulbreaker,4,264,7,"3,7,32,36,38"
51859,4,"Shoulders of Ruinous Senility",4,264,1,"5,7,31,36,45"
51860,4,"Rippling Flesh Kilt",4,264,3,"5,7,32,36,45"
51861,4,"Chestplate of Septic Stitches",4,264,4,"5,7,32,43,45"
51862,4,"Cauterized Cord",4,264,1,"5,7,32,36,45"
51863,4,"Pendant of Split Veins",4,264,0,"5,7,31,32,45"
51864,4,"Shoulderpads of the Morbid Ritual",4,264,3,"3,5,7,31,32,38"
51865,4,"Scalpel-Sharpening Shoulderguards",4,264,4,"4,7,31,44"
51866,4,"Discarded Bag of Entrails",4,264,2,"3,7,36,38,44"
51867,4,"Infected Choker",4,264,0,"4,7,32,37"
51868,2,"Flesh-Carving Scalpel",4,264,15,"3,7,36,38,44"
51869,2,"The Facelifter",4,264,7,"4,7,12,14,37"
51870,4,"Chestguard of the Failed Experiment",4,264,2,"5,6,7,32,45"
51871,4,"Choker of Filthy Diamonds",4,264,0,"5,7,36,43,45"
51872,4,"Ether-Soaked Bracers",4,264,1,"5,7,31,36,45"
51873,4,"Shuffling Shoes",4,264,3,"5,7,36,43,45"
51874,4,"Gloves of Broken Fingers",4,264,1,"5,6,7,36,45"
51875,2,Lockjaw,4,264,4,"5,7,36,43,45"
51876,2,"Abomination Knuckles",4,264,13,"3,7,36,38,44"
51877,4,"Taldron's Short-Sighted Helm",4,264,3,"3,5,7,32,38,44"
51878,4,"Rotface's Rupturing Ring",4,264,0,"4,7,37,44"
51879,4,"Flesh-Shaper's Gurney Strap",4,264,4,"4,7,31,44"
51880,2,"Gluth's Fetching Knife",4,264,16,"3,7,31,32,38"
51881,2,"Shaft of Glacial Ice",4,264,10,"3,7,31,32,38"
51882,4,"Kilt of Untreated Wounds",4,264,1,"5,7,32,36,45"
51883,4,"Bloodstained Surgeon's Shoulderguards",4,264,1,"5,6,7,32,45"
51884,4,"Signet of Putrefaction",4,264,0,"5,7,36,43,45"
51885,4,"Wrists of Septic Shock",4,264,2,"5,6,7,32,45"
51886,4,"Festergut's Gaseous Gloves",4,264,4,"5,7,32,43,45"
51887,2,Abracadaver,4,264,10,"5,7,31,36,45"
51888,4,"Cloak of Many Skins",4,264,1,"4,7,12,13,14"
51889,4,"Plague-Soaked Leather Leggings",4,264,2,"3,7,32,36,38"
51890,4,"Precious's Putrid Collar",4,264,0,"3,7,31,36,38"
51891,4,"Taldron's Long Neglected Boots",4,264,3,"3,5,7,32,38,44"
51892,4,"Festering Fingerguards",4,264,4,"4,7,31,37"
51893,2,Gutbuster,4,264,4,"3,7,31,32,38"
51894,4,"Soulcleave Pendant",4,264,0,"5,7,32,36,45"
51895,4,"Deathforged Legplates",4,264,4,"4,7,12,13,37"
51896,4,"Thaumaturge's Crackling Cowl",4,264,1,"5,6,7,36,45"
51897,4,"Leggings of Unrelenting Blood",4,264,2,"5,6,7,36,45"
51898,2,"Mag'hari Chieftain's Staff",4,264,10,"5,6,7,36,45"
51899,4,"Icecrown Spire Sandals",4,264,1,"5,7,31,32,45"
51900,4,"Saurfang's Cold-Forged Band",4,264,0,"3,7,36,38,44"
51901,4,"Gargoyle Spit Bracers",4,264,4,"4,7,12,13"
51902,4,"Blade-Scored Carapace",4,264,4,"4,7,32,36"
51903,4,"Hauberk of a Thousand Cuts",4,264,3,"3,5,7,31,32,38"
51904,4,"Scourge Stranglers",4,264,2,"3,7,32,38,44"
51905,2,"Ramaladni's Blade of Culling",4,264,1,"4,7,37,44"
51906,4,"Ice-Reinforced Vrykul Helm",4,264,3,"5,7,36,43,45"
51907,4,"Bracers of Pale Illumination",4,264,4,"5,7,36,43,45"
51908,4,"Cord of Dark Suffering",4,264,2,"5,6,7,32,45"
51909,4,"Neverending Winter",4,264,6,"4,7,12,14,15"
51910,2,"Midnight Sun",4,264,15,"5,7,36,43,45"
51911,4,"Pauldrons of Lost Hope",4,264,3,"3,5,7,36,38,44"
51912,4,"Saronite Gargoyle Cloak",4,264,1,"4,7,32,36"
51913,4,"Abomination's Bloody Ring",4,264,0,"4,7,12,13,31"
51914,4,"Icecrown Rampart Bracers",4,264,3,"3,5,7,31,32,38"
51915,4,"Bone Drake's Enameled Boots",4,264,4,"4,7,37,44"
51916,2,"Frost Giant's Cleaver",4,264,0,"3,7,32,38,44"
51917,4,"Ghoul Commander's Cuirass",4,264,4,"4,7,12,13,14"
51918,4,"Bracers of Dark Blessings",4,264,1,"5,6,7,32,45"
51919,4,"Deathspeaker Disciple's Belt",4,264,3,"5,7,36,43,45"
51920,4,"Boots of the Frozen Seed",4,264,2,"5,7,32,36,45"
51921,4,"Sister's Handshrouds",4,264,1,"5,7,31,36,45"
51922,4,"Scourgelord's Baton",4,264,0,"5,7,31,32,45"
51923,4,"Chestguard of the Frigid Noose",4,264,2,"3,7,36,38,44"
51924,4,"Deathspeaker Zealot's Helm",4,264,4,"4,7,32,36"
51925,4,"Soulthief's Braided Belt",4,264,2,"3,7,31,32,38"
51926,4,"Handgrips of Frost and Sleet",4,264,3,"3,5,7,31,38,44"
51927,2,"Njorndar Bone Bow",4,264,2,"3,7,31,32,38"
51928,4,"Corrupted Silverplate Leggings",4,264,4,"5,7,32,36,45"
51929,4,"Coldwraith Bracers",4,264,3,"5,7,36,43,45"
51930,4,"Cord of the Patronizing Practitioner",4,264,1,"5,6,7,36,45"
51931,4,"Ancient Skeletal Boots",4,264,4,"5,7,32,43,45"
51932,2,"Frost Needle",4,264,7,"5,7,31,36,45"
51933,4,"Shawl of Nerubian Silk",4,264,1,"3,7,31,37,38"
51934,4,"Marrowgar's Scratching Choker",4,264,0,"4,7,12,13,14"
51935,4,"Linked Scourge Vertebrae",4,264,3,"3,5,7,31,32,38"
51936,2,"Citadel Enforcer's Claymore",4,264,8,"4,7,31,32"
51937,2,"Bonebreaker Scepter",4,264,4,"4,7,12,13,31"
51938,2,"Bone Warden's Splitter",4,264,0,"3,7,36,38,44"
51939,2,"Tel'thas, Dagger of the Blood King",4,271,15,"5,7,32,36,45"
51940,2,"Windrunner's Heartseeker",4,271,18,"3,7,32,38,44"
51941,2,"Pugius, Fist of Defiance",4,271,13,"3,7,32,36,38"
51942,2,"Stormfury, Black Blade of the Betrayer",4,271,15,"3,7,32,37,38"
51943,2,"Halion, Staff of Forgotten Love",4,271,10,"5,7,32,36,45"
51944,2,"Valius, Gavel of the Lightbringer",4,271,4,"5,7,32,43,45"
51945,2,"Tainted Twig of Nordrassil",4,271,10,"3,7,32,38,44"
51946,2,"Warmace of Menethil",4,271,5,"4,7,32,44"
51947,2,"Troggbane, Axe of the Frostborne King",4,271,0,"4,7,12,13,14"
52569,4,"Ashen Band of Might",4,251,0,"4,7,31,32"
52570,4,"Ashen Band of Greater Might",4,259,0,"4,7,31,32"
52571,4,"Ashen Band of Unmatched Might",4,268,0,"4,7,31,32"
52572,4,"Ashen Band of Endless Might",4,277,0,"4,7,31,32"
53103,4,"Baltharus' Gift",4,258,0,"3,7,32,37,38"
53110,4,"Zarithrian's Offering",4,258,0,"4,7,32,44"
53111,4,"Scion's Treads",4,258,4,"4,7,12,13,14"
53112,4,"Bracers of the Heir",4,258,4,"4,7,32,44"
53113,4,"Twilight Scale Shoulders",4,258,3,"3,5,7,36,38,44"
53114,4,"Gloaming Sark",4,258,2,"3,7,32,37,38"
53115,4,"Abduction's Cover",4,258,1,"5,7,36,43,45"
53116,4,"Saviana's Tribute",4,258,0,"5,7,31,32,45"
53117,4,"Changeling Gloves",4,258,2,"5,7,32,36,45"
53118,4,"Misbegotten Belt",4,258,1,"5,7,31,32,45"
53119,4,"Boots of Divided Being",4,258,3,"5,7,32,36,45"
53121,4,"Surrogate Belt",4,258,4,"5,7,32,36,45"
53125,4,"Apocalypse's Advance",4,271,4,"4,7,31,32"
53126,4,"Umbrage Armbands",4,271,2,"3,7,32,36,38"
53127,4,"Returning Footfalls",4,271,3,"3,5,7,32,38,44"
53129,4,"Treads of Impending Resurrection",4,271,4,"4,7,12,13,14"
53132,4,"Penumbra Pendant",4,271,0,"4,7,32,44"
53133,4,"Signet of Twilight",4,271,0,"3,7,31,32,38"
53134,4,"Phaseshifter's Bracers",4,271,2,"5,7,32,36,45"
53486,4,"Bracers of Fiery Night",4,271,1,"5,7,32,36,45"
53487,4,"Foreshadow Steps",4,271,4,"5,7,32,36,45"
53488,4,"Split Shape Belt",4,271,3,"5,7,32,36,45"
53489,4,"Cloak of Burning Dusk",4,271,1,"5,7,32,36,45"
53490,4,"Ring of Phased Regeneration",4,271,0,"5,7,36,43,45"
53491,4,"Twilight Offering Bands",4,251,4,"4,7,13,14"
53492,4,"Ring of the Three-Headed Beast",4,251,0,"5,7,32,36"
53493,4,"Sacrificial Mail",4,251,3,"3,7,32,36"
53494,4,"Girdle of Oblation",4,251,4,"5,6,7,36"
53496,4,"Barrier of the Earth Princess",4,251,6,"4,7,13,14"
53497,4,"Zaetar's Deathshroud",4,251,1,"5,7,31,32"
53498,4,"Earth Bride's Gown",4,251,1,"5,6,7,32"
53499,4,"Amulet of the Centauri",4,251,0,"3,7,32,36"
53500,4,"Tectonic Plate",4,251,4,"4,7,32,36"
53501,4,"Sulfuron's Favor",4,251,0,"3,7,32,36"
53502,4,"Flamelash Amulet",4,251,0,"4,7,32,37"
53503,4,"Pendant of Burning Spirits",4,251,0,"5,6,7,32"
53504,4,"Flamewaker's Treads",4,251,2,"5,6,7,36"
53505,4,"Salamander Skin",4,251,4,"4,7,13,14"
53506,4,"Cloak of Mocking Winds",4,251,1,"3,7,32,36"
53507,4,"Sandfury Sandals",4,251,1,"5,7,32,36"
53508,4,"Pulmonary Casing",4,251,2,"3,7,32,36"
53509,4,"Amulet of Evil Winds",4,251,0,"5,7,32,36"
54556,4,"Abduction's Cover",4,271,1,"5,7,36,43,45"
54557,4,"Baltharus' Gift",4,271,0,"3,7,32,37,38"
54558,4,"Boots of Divided Being",4,271,3,"5,7,32,36,45"
54559,4,"Bracers of the Heir",4,271,4,"4,7,32,44"
54560,4,"Changeling Gloves",4,271,2,"5,7,32,36,45"
54561,4,"Gloaming Sark",4,271,2,"3,7,32,37,38"
54562,4,"Misbegotten Belt",4,271,1,"5,7,31,32,45"
54563,4,"Saviana's Tribute",4,271,0,"5,7,31,32,45"
54564,4,"Scion's Treads",4,271,4,"4,7,12,13,14"
54565,4,"Surrogate Belt",4,271,4,"5,7,32,36,45"
54566,4,"Twilight Scale Shoulders",4,271,3,"3,5,7,36,38,44"
54567,4,"Zarithrian's Offering",4,271,0,"4,7,32,44"
54569,4,"Sharpened Twilight Scale",4,271,0,44
54571,4,"Petrified Twilight Scale",4,271,0,""
54572,4,"Charred Twilight Scale",4,271,0,36
54573,4,"Glowing Twilight Scale",4,271,0,45
54576,4,"Signet of Twilight",4,284,0,"3,7,31,32,38"
54577,4,"Returning Footfalls",4,284,3,"3,5,7,32,38,44"
54578,4,"Apocalypse's Advance",4,284,4,"4,7,31,32"
54579,4,"Treads of Impending Resurrection",4,284,4,"4,7,12,13,14"
54580,4,"Umbrage Armbands",4,284,2,"3,7,32,36,38"
54581,4,"Penumbra Pendant",4,284,0,"4,7,32,44"
54582,4,"Bracers of Fiery Night",4,284,1,"5,7,32,36,45"
54583,4,"Cloak of Burning Dusk",4,284,1,"5,7,32,36,45"
54584,4,"Phaseshifter's Bracers",4,284,2,"5,7,32,36,45"
54585,4,"Ring of Phased Regeneration",4,284,0,"5,7,36,43,45"
54586,4,"Foreshadow Steps",4,284,4,"5,7,32,36,45"
54587,4,"Split Shape Belt",4,284,3,"5,7,32,36,45"
54588,4,"Charred Twilight Scale",4,284,0,36
54589,4,"Glowing Twilight Scale",4,284,0,45
54590,4,"Sharpened Twilight Scale",4,284,0,44
54591,4,"Petrified Twilight Scale",4,284,0,""
54592,4,"Sul'lithuz Scale Bracers",4,251,3,"5,7,32,36"
current output mode: csv
